player_name,team,start_date,end_date,type,source
Karl Hein,Arsenal FC,2022-02-23,2022-05-14,injury-finger-injury,https://www.transfermarkt.com/karl-hein/verletzungen/spieler/493513
Gabriel Magalhães,Arsenal FC,2021-07-01,2021-08-25,injury-knee-injury,https://www.transfermarkt.com/gabriel-magalhaes/verletzungen/spieler/435338
Takehiro Tomiyasu,Arsenal FC,2022-03-11,2022-06-30,injury-muscular-problems,https://www.transfermarkt.com/takehiro-tomiyasu/verletzungen/spieler/331560
Takehiro Tomiyasu,Arsenal FC,2022-02-20,2022-04-21,injury-calf-injury,https://www.transfermarkt.com/takehiro-tomiyasu/verletzungen/spieler/331560
Rob Holding,Arsenal FC,2021-07-01,2021-09-08,injury-fitness,https://www.transfermarkt.com/rob-holding/verletzungen/spieler/253341
Pablo Marí,Arsenal FC,2021-07-01,2021-08-02,injury-calf-injury,https://www.transfermarkt.com/pablo-mari/verletzungen/spieler/210178
Sead Kolasinac,Arsenal FC,2021-11-13,2022-06-30,injury-ankle-injury,https://www.transfermarkt.com/sead-kolasinac/verletzungen/spieler/94005
Kieran Tierney,Arsenal FC,2022-03-31,2022-06-30,injury-knee-surgery,https://www.transfermarkt.com/kieran-tierney/verletzungen/spieler/300716
Nuno Tavares,Arsenal FC,2021-07-01,2021-12-04,injury-ankle-injury,https://www.transfermarkt.com/nuno-tavares/verletzungen/spieler/535955
Ben White,Arsenal FC,2022-04-25,2022-05-15,injury-hamstring-injury,https://www.transfermarkt.com/ben-white/verletzungen/spieler/335721
Ainsley Maitland-Niles,Arsenal FC,2021-12-21,2021-12-31,injury-virus,https://www.transfermarkt.com/ainsley-maitland-niles/verletzungen/spieler/285845
Ryan Alebiosu,Arsenal FC,2022-02-15,2022-04-20,injury-back-injury,https://www.transfermarkt.com/ryan-alebiosu/verletzungen/spieler/610649
Thomas Partey,Arsenal FC,2022-04-04,2022-06-30,injury-unknown-injury,https://www.transfermarkt.com/thomas-partey/verletzungen/spieler/230784
Thomas Partey,Arsenal FC,2022-02-14,2022-02-22,injury-muscle-injury,https://www.transfermarkt.com/thomas-partey/verletzungen/spieler/230784
Thomas Partey,Arsenal FC,2021-07-29,2021-08-30,injury-ankle-injury,https://www.transfermarkt.com/thomas-partey/verletzungen/spieler/230784
Thomas Partey,Arsenal FC,2021-07-01,2021-11-01,injury-hip-injury,https://www.transfermarkt.com/thomas-partey/verletzungen/spieler/230784
Albert Sambi Lokonga,Arsenal FC,2021-12-17,2021-12-24,injury-corona-virus,https://www.transfermarkt.com/albert-sambi-lokonga/verletzungen/spieler/381967
Charlie Patiño,Arsenal FC,2021-10-25,2021-11-15,injury-ankle-injury,https://www.transfermarkt.com/charlie-patino/verletzungen/spieler/581674
Emile Smith Rowe,Arsenal FC,2022-02-20,2022-06-30,injury-ill,https://www.transfermarkt.com/emile-smith-rowe/verletzungen/spieler/392765
Emile Smith Rowe,Arsenal FC,2021-07-01,2021-12-04,injury-thigh-problems,https://www.transfermarkt.com/emile-smith-rowe/verletzungen/spieler/392765
Reiss Nelson,Arsenal FC,2022-02-15,2022-06-30,injury-knock,https://www.transfermarkt.com/reiss-nelson/verletzungen/spieler/340325
Reiss Nelson,Arsenal FC,2022-03-02,2022-06-30,injury-corona-virus,https://www.transfermarkt.com/reiss-nelson/verletzungen/spieler/340325
Reiss Nelson,Arsenal FC,2021-07-01,2021-11-01,injury-head-injury,https://www.transfermarkt.com/reiss-nelson/verletzungen/spieler/340325
Nicolas Pépé,Arsenal FC,2022-03-30,2022-06-30,injury-virus,https://www.transfermarkt.com/nicolas-pepe/verletzungen/spieler/343052
Eddie Nketiah,Arsenal FC,2021-07-01,2021-11-25,injury-ankle-injury,https://www.transfermarkt.com/eddie-nketiah/verletzungen/spieler/340324
Pierre-Emerick Aubameyang,Arsenal FC,2022-01-13,2022-01-31,injury-heart-problems,https://www.transfermarkt.com/pierre-emerick-aubameyang/verletzungen/spieler/58864
Pierre-Emerick Aubameyang,Arsenal FC,2022-03-01,2022-01-13,injury-corona-virus,https://www.transfermarkt.com/pierre-emerick-aubameyang/verletzungen/spieler/58864
Pierre-Emerick Aubameyang,Arsenal FC,2021-07-01,2021-08-16,injury-corona-virus,https://www.transfermarkt.com/pierre-emerick-aubameyang/verletzungen/spieler/58864
Alexandre Lacazette,Arsenal FC,2022-04-14,2022-04-19,injury-corona-virus,https://www.transfermarkt.com/alexandre-lacazette/verletzungen/spieler/93720
Alexandre Lacazette,Arsenal FC,2021-07-01,2021-08-24,injury-corona-virus,https://www.transfermarkt.com/alexandre-lacazette/verletzungen/spieler/93720
Emiliano Martínez,Aston Villa,2022-05-20,2022-05-29,injury-knee-problems,https://www.transfermarkt.com/emiliano-martinez/verletzungen/spieler/111873
Jed Steer,Aston Villa,2022-03-03,2022-06-30,injury-achilles-tendon-problems,https://www.transfermarkt.com/jed-steer/verletzungen/spieler/110867
Ezri Konsa,Aston Villa,2022-05-15,2022-06-30,injury-knee-injury,https://www.transfermarkt.com/ezri-konsa/verletzungen/spieler/413403
Axel Tuanzebe,Aston Villa,2022-03-02,2022-03-14,injury-lumbago,https://www.transfermarkt.com/axel-tuanzebe/verletzungen/spieler/342046
Kortney Hause,Aston Villa,2022-01-11,2022-06-30,injury-knee-surgery,https://www.transfermarkt.com/kortney-hause/verletzungen/spieler/233124
Lucas Digne,Aston Villa,2022-03-14,2022-03-21,injury-hamstring-injury,https://www.transfermarkt.com/lucas-digne/verletzungen/spieler/126664
Lucas Digne,Aston Villa,2021-07-01,2021-11-01,injury-ankle-injury,https://www.transfermarkt.com/lucas-digne/verletzungen/spieler/126664
Matty Cash,Aston Villa,2022-03-09,2022-06-30,injury-tendon-rupture,https://www.transfermarkt.com/matty-cash/verletzungen/spieler/425334
Matty Cash,Aston Villa,2021-07-01,2021-07-03,injury-hamstring-injury,https://www.transfermarkt.com/matty-cash/verletzungen/spieler/425334
Douglas Luiz,Aston Villa,2021-10-25,2021-11-25,injury-hamstring-injury,https://www.transfermarkt.com/douglas-luiz/verletzungen/spieler/447661
Morgan Sanson,Aston Villa,2021-12-12,2021-12-25,injury-corona-virus,https://www.transfermarkt.com/morgan-sanson/verletzungen/spieler/174094
Morgan Sanson,Aston Villa,2021-09-23,2021-10-16,injury-hamstring-injury,https://www.transfermarkt.com/morgan-sanson/verletzungen/spieler/174094
Morgan Sanson,Aston Villa,2021-09-04,2021-08-29,injury-knee-problems,https://www.transfermarkt.com/morgan-sanson/verletzungen/spieler/174094
Morgan Sanson,Aston Villa,2021-07-01,2021-12-01,injury-muscle-injury,https://www.transfermarkt.com/morgan-sanson/verletzungen/spieler/174094
Carney Chukwuemeka,Aston Villa,2022-01-11,2022-06-30,injury-hamstring-injury,https://www.transfermarkt.com/carney-chukwuemeka/verletzungen/spieler/659459
Philippe Coutinho,Aston Villa,2022-05-11,2022-06-30,injury-hamstring-injury,https://www.transfermarkt.com/philippe-coutinho/verletzungen/spieler/80444
Philippe Coutinho,Aston Villa,2021-12-30,2022-01-13,injury-corona-virus,https://www.transfermarkt.com/philippe-coutinho/verletzungen/spieler/80444
Philippe Coutinho,Aston Villa,2021-08-08,2021-08-25,injury-fitness,https://www.transfermarkt.com/philippe-coutinho/verletzungen/spieler/80444
Philippe Coutinho,Aston Villa,2021-07-01,2021-07-08,injury-tear-of-the-lateral-meniscus,https://www.transfermarkt.com/philippe-coutinho/verletzungen/spieler/80444
Jaden Philogene,Aston Villa,2022-06-11,2022-06-30,injury-groin-injury,https://www.transfermarkt.com/jaden-philogene/verletzungen/spieler/665390
Leon Bailey,Aston Villa,2022-01-05,2022-05-31,injury-ligament-injury,https://www.transfermarkt.com/leon-bailey/verletzungen/spieler/387626
Leon Bailey,Aston Villa,2021-07-01,2022-06-30,injury-thigh-problems,https://www.transfermarkt.com/leon-bailey/verletzungen/spieler/387626
Leon Bailey,Aston Villa,2021-09-19,2021-10-21,injury-thigh-problems,https://www.transfermarkt.com/leon-bailey/verletzungen/spieler/387626
Leon Bailey,Aston Villa,2021-08-20,2021-09-09,injury-hamstring-injury,https://www.transfermarkt.com/leon-bailey/verletzungen/spieler/387626
Bertrand Traoré,Aston Villa,2021-10-20,2021-12-25,injury-strain-in-the-thigh-and-gluteal-muscles,https://www.transfermarkt.com/bertrand-traore/verletzungen/spieler/131996
Keinan Davis,Aston Villa,2022-04-16,2022-05-13,injury-hamstring-injury,https://www.transfermarkt.com/keinan-davis/verletzungen/spieler/412660
Keinan Davis,Aston Villa,2021-08-14,2021-09-25,injury-knee-injury,https://www.transfermarkt.com/keinan-davis/verletzungen/spieler/412660
David Raya,Brentford FC,2021-10-25,2022-04-02,injury-knee-injury,https://www.transfermarkt.com/david-raya/verletzungen/spieler/262749
Jonas Lössl,Brentford FC,2021-07-01,2021-09-28,injury-unknown-injury,https://www.transfermarkt.com/jonas-lossl/verletzungen/spieler/48870
Pontus Jansson,Brentford FC,2022-02-10,2022-06-30,injury-hamstring-injury,https://www.transfermarkt.com/pontus-jansson/verletzungen/spieler/125314
Zanka,Brentford FC,2022-04-15,2022-05-23,injury-groin-injury,https://www.transfermarkt.com/zanka/verletzungen/spieler/52059
Zanka,Brentford FC,2021-11-18,2022-02-20,injury-muscle-injury,https://www.transfermarkt.com/zanka/verletzungen/spieler/52059
Zanka,Brentford FC,2021-07-11,2022-02-20,injury-leg-injury,https://www.transfermarkt.com/zanka/verletzungen/spieler/52059
Mathias Jensen,Brentford FC,2021-07-07,2021-08-31,injury-leg-injury,https://www.transfermarkt.com/mathias-jensen/verletzungen/spieler/319859
Josh Dasilva,Brentford FC,2021-07-01,2022-04-02,injury-hip-injury,https://www.transfermarkt.com/josh-dasilva/verletzungen/spieler/340321
Frank Onyeka,Brentford FC,2022-01-12,2022-06-30,injury-hamstring-injury,https://www.transfermarkt.com/frank-onyeka/verletzungen/spieler/421637
Frank Onyeka,Brentford FC,2022-03-25,2022-05-16,injury-ankle-injury,https://www.transfermarkt.com/frank-onyeka/verletzungen/spieler/421637
Christian Eriksen,Brentford FC,2022-01-31,2022-02-25,injury-fitness,https://www.transfermarkt.com/christian-eriksen/verletzungen/spieler/69633
Christian Eriksen,Brentford FC,2021-07-01,2022-01-30,injury-heart-problems,https://www.transfermarkt.com/christian-eriksen/verletzungen/spieler/69633
Saman Ghoddos,Brentford FC,2022-03-19,2022-03-26,injury-corona-virus,https://www.transfermarkt.com/saman-ghoddos/verletzungen/spieler/204294
Sergi Canós,Brentford FC,2022-01-08,2022-05-09,injury-hamstring-injury,https://www.transfermarkt.com/sergi-canos/verletzungen/spieler/251845
Yoane Wissa,Brentford FC,2021-10-10,2021-11-20,injury-ankle-injury,https://www.transfermarkt.com/yoane-wissa/verletzungen/spieler/388165
Halil Dervişoğlu,Brentford FC,2021-09-19,2021-09-23,injury-unknown-injury,https://www.transfermarkt.com/halil-dervisoglu/verletzungen/spieler/465606
Kjell Scherpen,Brighton & Hove Albion,2022-01-09,2022-06-30,injury-unknown-injury,https://www.transfermarkt.com/kjell-scherpen/verletzungen/spieler/463527
Kjell Scherpen,Brighton & Hove Albion,2021-07-24,2021-10-09,injury-ankle-problems,https://www.transfermarkt.com/kjell-scherpen/verletzungen/spieler/463527
Jason Steele,Brighton & Hove Albion,2021-12-14,2021-12-28,injury-corona-virus,https://www.transfermarkt.com/jason-steele/verletzungen/spieler/73564
Jason Steele,Brighton & Hove Albion,2021-12-01,2021-09-02,injury-knock,https://www.transfermarkt.com/jason-steele/verletzungen/spieler/73564
Lewis Dunk,Brighton & Hove Albion,2021-07-01,2022-01-22,injury-knee-injury,https://www.transfermarkt.com/lewis-dunk/verletzungen/spieler/148153
Adam Webster,Brighton & Hove Albion,2022-02-18,2022-06-30,injury-groin-injury,https://www.transfermarkt.com/adam-webster/verletzungen/spieler/212847
Adam Webster,Brighton & Hove Albion,2021-07-01,2021-12-25,injury-calf-injury,https://www.transfermarkt.com/adam-webster/verletzungen/spieler/212847
Adam Webster,Brighton & Hove Albion,2021-11-09,2021-10-18,injury-hamstring-injury,https://www.transfermarkt.com/adam-webster/verletzungen/spieler/212847
Dan Burn,Brighton & Hove Albion,2021-12-26,2021-12-28,injury-shoulder-injury,https://www.transfermarkt.com/dan-burn/verletzungen/spieler/134270
Dan Burn,Brighton & Hove Albion,2021-10-27,2021-11-19,injury-knee-injury,https://www.transfermarkt.com/dan-burn/verletzungen/spieler/134270
Dan Burn,Brighton & Hove Albion,2021-07-31,2021-09-18,injury-torn-knee-ligaments,https://www.transfermarkt.com/dan-burn/verletzungen/spieler/134270
Shane Duffy,Brighton & Hove Albion,2022-03-04,2022-04-23,injury-thigh-problems,https://www.transfermarkt.com/shane-duffy/verletzungen/spieler/119269
Shane Duffy,Brighton & Hove Albion,2022-01-14,2022-04-02,injury-ankle-injury,https://www.transfermarkt.com/shane-duffy/verletzungen/spieler/119269
Shane Duffy,Brighton & Hove Albion,2021-12-16,2021-12-28,injury-corona-virus,https://www.transfermarkt.com/shane-duffy/verletzungen/spieler/119269
Matt Clarke,Brighton & Hove Albion,2022-01-10,2022-06-30,injury-back-problems,https://www.transfermarkt.com/matt-clarke/verletzungen/spieler/307497
Michal Karbownik,Brighton & Hove Albion,2022-01-20,2022-01-27,injury-muscular-problems,https://www.transfermarkt.com/michal-karbownik/verletzungen/spieler/401604
Michal Karbownik,Brighton & Hove Albion,2021-07-01,2021-08-12,injury-outer-ligament-problems,https://www.transfermarkt.com/michal-karbownik/verletzungen/spieler/401604
Tariq Lamptey,Brighton & Hove Albion,2022-04-21,2022-04-29,injury-knee-injury,https://www.transfermarkt.com/tariq-lamptey/verletzungen/spieler/504148
Tariq Lamptey,Brighton & Hove Albion,2021-07-01,2021-09-18,injury-hamstring-injury,https://www.transfermarkt.com/tariq-lamptey/verletzungen/spieler/504148
Joël Veltman,Brighton & Hove Albion,2021-12-15,2021-12-28,injury-ankle-injury,https://www.transfermarkt.com/joel-veltman/verletzungen/spieler/111195
Joël Veltman,Brighton & Hove Albion,2021-08-14,2021-08-27,injury-corona-virus,https://www.transfermarkt.com/joel-veltman/verletzungen/spieler/111195
Moisés Caicedo,Brighton & Hove Albion,2022-01-04,2022-06-04,injury-ill,https://www.transfermarkt.com/moises-caicedo/verletzungen/spieler/687626
Tudor Băluță,Brighton & Hove Albion,2021-07-01,2022-06-30,injury-ankle-injury,https://www.transfermarkt.com/tudor-baluta/verletzungen/spieler/433976
Tudor Băluță,Brighton & Hove Albion,2021-07-01,2021-07-18,injury-surgery,https://www.transfermarkt.com/tudor-baluta/verletzungen/spieler/433976
Enock Mwepu,Brighton & Hove Albion,2022-04-30,2022-05-21,injury-groin-injury,https://www.transfermarkt.com/enock-mwepu/verletzungen/spieler/490307
Enock Mwepu,Brighton & Hove Albion,2021-09-22,2021-10-14,injury-unknown-injury,https://www.transfermarkt.com/enock-mwepu/verletzungen/spieler/490307
Enock Mwepu,Brighton & Hove Albion,2021-08-24,2021-08-27,injury-knock,https://www.transfermarkt.com/enock-mwepu/verletzungen/spieler/490307
Jakub Moder,Brighton & Hove Albion,2022-02-04,2022-06-30,injury-cruciate-ligament-tear,https://www.transfermarkt.com/jakub-moder/verletzungen/spieler/384461
Pascal Groß,Brighton & Hove Albion,2021-12-14,2021-12-25,injury-corona-virus,https://www.transfermarkt.com/pascal-gross/verletzungen/spieler/82873
Steven Alzate,Brighton & Hove Albion,2021-09-27,2021-12-14,injury-ankle-surgery,https://www.transfermarkt.com/steven-alzate/verletzungen/spieler/476237
Adam Lallana,Brighton & Hove Albion,2022-01-14,2022-01-22,injury-hamstring-injury,https://www.transfermarkt.com/adam-lallana/verletzungen/spieler/43530
Adam Lallana,Brighton & Hove Albion,2021-07-01,2021-12-14,injury-leg-injury,https://www.transfermarkt.com/adam-lallana/verletzungen/spieler/43530
Leandro Trossard,Brighton & Hove Albion,2022-04-19,2022-04-21,injury-ill,https://www.transfermarkt.com/leandro-trossard/verletzungen/spieler/144028
Leandro Trossard,Brighton & Hove Albion,2021-12-26,2022-01-01,injury-hamstring-injury,https://www.transfermarkt.com/leandro-trossard/verletzungen/spieler/144028
Leandro Trossard,Brighton & Hove Albion,2021-07-01,2021-12-14,injury-elbow-injury,https://www.transfermarkt.com/leandro-trossard/verletzungen/spieler/144028
Abdallah Sima,Brighton & Hove Albion,2021-10-12,2022-03-18,injury-groin-injury,https://www.transfermarkt.com/abdallah-sima/verletzungen/spieler/776798
Abdallah Sima,Brighton & Hove Albion,2021-09-24,2021-10-29,injury-ankle-injury,https://www.transfermarkt.com/abdallah-sima/verletzungen/spieler/776798
Abdallah Sima,Brighton & Hove Albion,2021-12-07,2021-07-28,injury-fitness,https://www.transfermarkt.com/abdallah-sima/verletzungen/spieler/776798
Abdallah Sima,Brighton & Hove Albion,2021-09-04,2021-07-05,injury-groin-injury,https://www.transfermarkt.com/abdallah-sima/verletzungen/spieler/776798
Jeremy Sarmiento,Brighton & Hove Albion,2022-04-26,2022-05-24,injury-hamstring-injury,https://www.transfermarkt.com/jeremy-sarmiento/verletzungen/spieler/568005
Jeremy Sarmiento,Brighton & Hove Albion,2021-07-01,2022-06-30,injury-hamstring-injury,https://www.transfermarkt.com/jeremy-sarmiento/verletzungen/spieler/568005
Solly March,Brighton & Hove Albion,2021-08-28,2021-10-09,injury-hamstring-injury,https://www.transfermarkt.com/solly-march/verletzungen/spieler/209212
Neal Maupay,Brighton & Hove Albion,2021-12-14,2021-12-25,injury-corona-virus,https://www.transfermarkt.com/neal-maupay/verletzungen/spieler/217115
Neal Maupay,Brighton & Hove Albion,2021-08-21,2021-08-27,injury-shoulder-injury,https://www.transfermarkt.com/neal-maupay/verletzungen/spieler/217115
Danny Welbeck,Brighton & Hove Albion,2021-09-27,2021-12-25,injury-hamstring-injury,https://www.transfermarkt.com/danny-welbeck/verletzungen/spieler/67063
Danny Welbeck,Brighton & Hove Albion,2021-07-24,2021-08-27,injury-hamstring-injury,https://www.transfermarkt.com/danny-welbeck/verletzungen/spieler/67063
Andi Zeqiri,Brighton & Hove Albion,2022-02-25,2022-03-03,injury-corona-virus,https://www.transfermarkt.com/andi-zeqiri/verletzungen/spieler/345468
Andi Zeqiri,Brighton & Hove Albion,2021-07-01,2021-12-16,injury-hip-injury,https://www.transfermarkt.com/andi-zeqiri/verletzungen/spieler/345468
Jürgen Locadia,Brighton & Hove Albion,2022-03-17,2022-06-30,injury-knee-problems,https://www.transfermarkt.com/jurgen-locadia/verletzungen/spieler/166240
Jürgen Locadia,Brighton & Hove Albion,2022-03-03,2022-06-30,injury-bruised-back,https://www.transfermarkt.com/jurgen-locadia/verletzungen/spieler/166240
Jürgen Locadia,Brighton & Hove Albion,2021-12-13,2022-03-01,injury-corona-virus,https://www.transfermarkt.com/jurgen-locadia/verletzungen/spieler/166240
Nick Pope,Burnley FC,2021-12-29,2022-06-01,injury-corona-virus,https://www.transfermarkt.com/nick-pope/verletzungen/spieler/192080
Ben Mee,Burnley FC,2022-01-03,2022-06-30,injury-hairline-fracture-in-the-fibula,https://www.transfermarkt.com/ben-mee/verletzungen/spieler/74810
Erik Pieters,Burnley FC,2022-02-26,2022-02-05,injury-knee-injury,https://www.transfermarkt.com/erik-pieters/verletzungen/spieler/43763
Connor Roberts,Burnley FC,2021-08-12,2022-06-30,injury-infection,https://www.transfermarkt.com/connor-roberts/verletzungen/spieler/214666
Ashley Westwood,Burnley FC,2022-04-17,2022-06-30,injury-broken-ankle,https://www.transfermarkt.com/ashley-westwood/verletzungen/spieler/91317
Ashley Westwood,Burnley FC,2021-07-01,2021-11-01,injury-bruise,https://www.transfermarkt.com/ashley-westwood/verletzungen/spieler/91317
Josh Brownhill,Burnley FC,2021-12-13,2022-06-01,injury-corona-virus,https://www.transfermarkt.com/josh-brownhill/verletzungen/spieler/293569
Josh Brownhill,Burnley FC,2021-07-01,2021-12-02,injury-ankle-injury,https://www.transfermarkt.com/josh-brownhill/verletzungen/spieler/293569
Josh Brownhill,Burnley FC,2021-07-01,2021-11-01,injury-knock,https://www.transfermarkt.com/josh-brownhill/verletzungen/spieler/293569
Dwight McNeil,Burnley FC,2021-07-01,2021-11-01,injury-groin-injury,https://www.transfermarkt.com/dwight-mcneil/verletzungen/spieler/584769
Dara Costelloe,Burnley FC,2022-02-09,2022-06-30,injury-knee-injury,https://www.transfermarkt.com/dara-costelloe/verletzungen/spieler/614700
Jóhann Berg Gudmundsson,Burnley FC,2022-02-22,2022-06-30,injury-calf-injury,https://www.transfermarkt.com/johann-berg-gudmundsson/verletzungen/spieler/89231
Jóhann Berg Gudmundsson,Burnley FC,2022-01-24,2022-02-21,injury-appendectomy,https://www.transfermarkt.com/johann-berg-gudmundsson/verletzungen/spieler/89231
Jóhann Berg Gudmundsson,Burnley FC,2022-04-01,2022-01-18,injury-corona-virus,https://www.transfermarkt.com/johann-berg-gudmundsson/verletzungen/spieler/89231
Jóhann Berg Gudmundsson,Burnley FC,2021-07-01,2021-10-20,injury-unknown-injury,https://www.transfermarkt.com/johann-berg-gudmundsson/verletzungen/spieler/89231
Jóhann Berg Gudmundsson,Burnley FC,2021-07-01,2021-11-01,injury-hamstring-strain,https://www.transfermarkt.com/johann-berg-gudmundsson/verletzungen/spieler/89231
Matej Vydra,Burnley FC,2022-03-02,2022-02-28,injury-groin-surgery,https://www.transfermarkt.com/matej-vydra/verletzungen/spieler/101500
Matej Vydra,Burnley FC,2021-07-01,2021-11-01,injury-back-injury,https://www.transfermarkt.com/matej-vydra/verletzungen/spieler/101500
Ashley Barnes,Burnley FC,2021-11-18,2022-06-02,injury-groin-injury,https://www.transfermarkt.com/ashley-barnes/verletzungen/spieler/63200
Edouard Mendy,Chelsea FC,2021-09-14,2021-09-24,injury-bruised-ribs,https://www.transfermarkt.com/edouard-mendy/verletzungen/spieler/442531
Antonio Rüdiger,Chelsea FC,2022-04-14,2022-04-28,injury-groin-injury,https://www.transfermarkt.com/antonio-rudiger/verletzungen/spieler/86202
Andreas Christensen,Chelsea FC,2022-05-10,2022-04-11,injury-ankle-sprain,https://www.transfermarkt.com/andreas-christensen/verletzungen/spieler/196948
Andreas Christensen,Chelsea FC,2022-02-26,2022-03-03,injury-achilles-heel-problems,https://www.transfermarkt.com/andreas-christensen/verletzungen/spieler/196948
Andreas Christensen,Chelsea FC,2022-01-14,2022-01-02,injury-corona-virus,https://www.transfermarkt.com/andreas-christensen/verletzungen/spieler/196948
Andreas Christensen,Chelsea FC,2021-12-29,2022-06-30,injury-back-injury,https://www.transfermarkt.com/andreas-christensen/verletzungen/spieler/196948
Trevoh Chalobah,Chelsea FC,2022-02-27,2022-03-03,injury-surgery,https://www.transfermarkt.com/trevoh-chalobah/verletzungen/spieler/346314
Trevoh Chalobah,Chelsea FC,2022-03-01,2022-01-21,injury-hamstring-injury,https://www.transfermarkt.com/trevoh-chalobah/verletzungen/spieler/346314
Trevoh Chalobah,Chelsea FC,2021-07-01,2021-12-13,injury-hamstring-injury,https://www.transfermarkt.com/trevoh-chalobah/verletzungen/spieler/346314
Marcos Alonso,Chelsea FC,2022-01-03,2022-06-30,injury-corona-virus,https://www.transfermarkt.com/marcos-alonso/verletzungen/spieler/112515
Thiago Silva,Chelsea FC,2022-05-01,2022-06-30,injury-corona-virus,https://www.transfermarkt.com/thiago-silva/verletzungen/spieler/29241
Thiago Silva,Chelsea FC,2021-12-26,2021-12-31,injury-knee-problems,https://www.transfermarkt.com/thiago-silva/verletzungen/spieler/29241
Thiago Silva,Chelsea FC,2021-07-01,2021-07-03,injury-thigh-problems,https://www.transfermarkt.com/thiago-silva/verletzungen/spieler/29241
Xavier Mbuyamba,Chelsea FC,2021-07-01,2021-08-02,injury-meniscus-tear,https://www.transfermarkt.com/xavier-mbuyamba/verletzungen/spieler/640432
Ben Chilwell,Chelsea FC,2022-03-11,2022-06-30,injury-hamstring-injury,https://www.transfermarkt.com/ben-chilwell/verletzungen/spieler/316125
Ben Chilwell,Chelsea FC,2021-11-22,2022-05-19,injury-cruciate-ligament-tear,https://www.transfermarkt.com/ben-chilwell/verletzungen/spieler/316125
Emerson,Chelsea FC,2022-01-18,2022-01-25,injury-corona-virus,https://www.transfermarkt.com/emerson/verletzungen/spieler/181778
Emerson,Chelsea FC,2021-08-09,2021-11-09,injury-unknown-injury,https://www.transfermarkt.com/emerson/verletzungen/spieler/181778
Abdul Rahman Baba,Chelsea FC,2022-02-19,2022-03-31,injury-hamstring-injury,https://www.transfermarkt.com/abdul-rahman-baba/verletzungen/spieler/224884
Reece James,Chelsea FC,2022-04-21,2022-04-28,injury-hamstring-injury,https://www.transfermarkt.com/reece-james/verletzungen/spieler/472423
Reece James,Chelsea FC,2022-03-03,2022-03-21,injury-muscle-injury,https://www.transfermarkt.com/reece-james/verletzungen/spieler/472423
Reece James,Chelsea FC,2022-02-14,2022-02-24,injury-fitness,https://www.transfermarkt.com/reece-james/verletzungen/spieler/472423
Reece James,Chelsea FC,2021-12-27,2022-02-14,injury-hamstring-injury,https://www.transfermarkt.com/reece-james/verletzungen/spieler/472423
Jorginho,Chelsea FC,2022-01-05,2022-06-30,injury-unknown-injury,https://www.transfermarkt.com/jorginho/verletzungen/spieler/102017
N'Golo Kanté,Chelsea FC,2022-04-28,2022-06-30,injury-knock,https://www.transfermarkt.com/ngolo-kante/verletzungen/spieler/225083
N'Golo Kanté,Chelsea FC,2022-06-01,2022-06-30,injury-corona-virus,https://www.transfermarkt.com/ngolo-kante/verletzungen/spieler/225083
N'Golo Kanté,Chelsea FC,2021-11-25,2021-12-16,injury-knee-problems,https://www.transfermarkt.com/ngolo-kante/verletzungen/spieler/225083
N'Golo Kanté,Chelsea FC,2021-09-27,2021-11-10,injury-corona-virus,https://www.transfermarkt.com/ngolo-kante/verletzungen/spieler/225083
N'Golo Kanté,Chelsea FC,2021-08-26,2021-09-16,injury-groin-injury,https://www.transfermarkt.com/ngolo-kante/verletzungen/spieler/225083
Mateo Kovacic,Chelsea FC,2022-04-17,2022-04-30,injury-ankle-injury,https://www.transfermarkt.com/mateo-kovacic/verletzungen/spieler/51471
Mateo Kovacic,Chelsea FC,2021-07-01,2021-12-18,injury-corona-virus,https://www.transfermarkt.com/mateo-kovacic/verletzungen/spieler/51471
Ruben Loftus-Cheek,Chelsea FC,2021-12-23,2022-03-01,injury-corona-virus,https://www.transfermarkt.com/ruben-loftus-cheek/verletzungen/spieler/202886
Ruben Loftus-Cheek,Chelsea FC,2021-12-17,2022-03-01,injury-unknown-injury,https://www.transfermarkt.com/ruben-loftus-cheek/verletzungen/spieler/202886
Ruben Loftus-Cheek,Chelsea FC,2021-08-13,2021-09-20,injury-knock,https://www.transfermarkt.com/ruben-loftus-cheek/verletzungen/spieler/202886
Danny Drinkwater,Chelsea FC,2021-07-01,2021-12-31,injury-groin-injury,https://www.transfermarkt.com/danny-drinkwater/verletzungen/spieler/73491
Mason Mount,Chelsea FC,2022-02-14,2022-02-21,injury-ankle-injury,https://www.transfermarkt.com/mason-mount/verletzungen/spieler/346483
Mason Mount,Chelsea FC,2021-09-20,2021-09-30,injury-minor-knock,https://www.transfermarkt.com/mason-mount/verletzungen/spieler/346483
Timo Werner,Chelsea FC,2022-03-11,2022-06-30,injury-syndesmotic-ligament-tear,https://www.transfermarkt.com/timo-werner/verletzungen/spieler/170527
Timo Werner,Chelsea FC,2021-12-13,2022-03-01,injury-corona-virus,https://www.transfermarkt.com/timo-werner/verletzungen/spieler/170527
Timo Werner,Chelsea FC,2021-10-21,2021-11-15,injury-strain,https://www.transfermarkt.com/timo-werner/verletzungen/spieler/170527
Callum Hudson-Odoi,Chelsea FC,2022-02-28,2022-02-05,injury-achilles-heel-problems,https://www.transfermarkt.com/callum-hudson-odoi/verletzungen/spieler/392768
Charly Musonda Jr.,Chelsea FC,2021-07-01,2021-09-20,injury-knee-surgery,https://www.transfermarkt.com/charly-musonda-jr-/verletzungen/spieler/177862
Romelu Lukaku,Chelsea FC,2022-03-06,2022-06-30,injury-ankle-injury,https://www.transfermarkt.com/romelu-lukaku/verletzungen/spieler/96341
Romelu Lukaku,Chelsea FC,2021-12-16,2021-12-25,injury-corona-virus,https://www.transfermarkt.com/romelu-lukaku/verletzungen/spieler/96341
Romelu Lukaku,Chelsea FC,2021-10-21,2021-11-21,injury-sprain,https://www.transfermarkt.com/romelu-lukaku/verletzungen/spieler/96341
Kai Havertz,Chelsea FC,2021-12-15,2021-12-28,injury-corona-virus,https://www.transfermarkt.com/kai-havertz/verletzungen/spieler/309400
Tammy Abraham,Chelsea FC,2022-04-09,2022-06-30,injury-shoulder-injury,https://www.transfermarkt.com/tammy-abraham/verletzungen/spieler/331726
Tammy Abraham,Chelsea FC,2021-12-22,2022-05-01,injury-ankle-injury,https://www.transfermarkt.com/tammy-abraham/verletzungen/spieler/331726
Tammy Abraham,Chelsea FC,2021-12-10,2021-10-17,injury-bruise-on-ankle,https://www.transfermarkt.com/tammy-abraham/verletzungen/spieler/331726
Remi Matthews,Crystal Palace,2022-05-11,2022-06-30,injury-hip-injury,https://www.transfermarkt.com/remi-matthews/verletzungen/spieler/196722
Joachim Andersen,Crystal Palace,2021-11-23,2021-12-13,injury-hamstring-injury,https://www.transfermarkt.com/joachim-andersen/verletzungen/spieler/260827
Nathan Ferguson,Crystal Palace,2022-01-30,2022-06-30,injury-achilles-tendon-problems,https://www.transfermarkt.com/nathan-ferguson/verletzungen/spieler/507254
Nathan Ferguson,Crystal Palace,2021-07-01,2021-11-27,injury-achilles-tendon-surgery,https://www.transfermarkt.com/nathan-ferguson/verletzungen/spieler/507254
James Tomkins,Crystal Palace,2021-07-01,2021-12-05,injury-ill,https://www.transfermarkt.com/james-tomkins/verletzungen/spieler/61592
Joel Ward,Crystal Palace,2021-07-01,2021-12-02,injury-knock,https://www.transfermarkt.com/joel-ward/verletzungen/spieler/92572
Eberechi Eze,Crystal Palace,2021-07-01,2021-10-28,injury-achilles-tendon-problems,https://www.transfermarkt.com/eberechi-eze/verletzungen/spieler/479999
Wilfried Zaha,Crystal Palace,2021-11-10,2021-10-19,injury-unknown-injury,https://www.transfermarkt.com/wilfried-zaha/verletzungen/spieler/145988
Michael Olise,Crystal Palace,2022-01-04,2022-04-13,injury-inflammation-of-the-sole-of-the-foot,https://www.transfermarkt.com/michael-olise/verletzungen/spieler/566723
Jordan Pickford,Everton FC,2021-09-13,2021-09-27,injury-shoulder-injury,https://www.transfermarkt.com/jordan-pickford/verletzungen/spieler/130164
Yerry Mina,Everton FC,2022-06-08,2022-06-30,injury-ankle-injury,https://www.transfermarkt.com/yerry-mina/verletzungen/spieler/289446
Yerry Mina,Everton FC,2021-10-22,2021-11-30,injury-thigh-problems,https://www.transfermarkt.com/yerry-mina/verletzungen/spieler/289446
Yerry Mina,Everton FC,2021-07-01,2021-12-03,injury-calf-injury,https://www.transfermarkt.com/yerry-mina/verletzungen/spieler/289446
Ben Godfrey,Everton FC,2022-06-08,2022-05-11,injury-broken-fibula,https://www.transfermarkt.com/ben-godfrey/verletzungen/spieler/343475
Jarrad Branthwaite,Everton FC,2022-01-11,2022-04-11,injury-ill,https://www.transfermarkt.com/jarrad-branthwaite/verletzungen/spieler/661053
Lucas Digne,Everton FC,2022-03-14,2022-03-21,injury-hamstring-injury,https://www.transfermarkt.com/lucas-digne/verletzungen/spieler/126664
Lucas Digne,Everton FC,2021-07-01,2021-11-01,injury-ankle-injury,https://www.transfermarkt.com/lucas-digne/verletzungen/spieler/126664
Vitaliy Mykolenko,Everton FC,2021-10-29,2021-11-18,injury-unknown-injury,https://www.transfermarkt.com/vitaliy-mykolenko/verletzungen/spieler/404842
Vitaliy Mykolenko,Everton FC,2021-07-01,2021-10-13,injury-torn-muscle-fiber-in-the-adductor-area,https://www.transfermarkt.com/vitaliy-mykolenko/verletzungen/spieler/404842
Vitaliy Mykolenko,Everton FC,2021-07-01,2021-10-09,injury-unknown-injury,https://www.transfermarkt.com/vitaliy-mykolenko/verletzungen/spieler/404842
Nathan Patterson,Everton FC,2022-05-04,2022-06-06,injury-ankle-surgery,https://www.transfermarkt.com/nathan-patterson/verletzungen/spieler/424015
Nathan Patterson,Everton FC,2021-08-27,2021-08-09,injury-quarantine,https://www.transfermarkt.com/nathan-patterson/verletzungen/spieler/424015
Séamus Coleman,Everton FC,2021-09-17,2021-10-15,injury-hamstring-injury,https://www.transfermarkt.com/seamus-coleman/verletzungen/spieler/68390
Donny van de Beek,Everton FC,2022-03-09,2022-06-30,injury-shingles,https://www.transfermarkt.com/donny-van-de-beek/verletzungen/spieler/288255
Donny van de Beek,Everton FC,2022-04-21,2022-05-16,injury-thigh-problems,https://www.transfermarkt.com/donny-van-de-beek/verletzungen/spieler/288255
Donny van de Beek,Everton FC,2022-03-31,2022-06-30,injury-thigh-problems,https://www.transfermarkt.com/donny-van-de-beek/verletzungen/spieler/288255
Donny van de Beek,Everton FC,2021-07-06,2021-12-07,injury-groin-injury,https://www.transfermarkt.com/donny-van-de-beek/verletzungen/spieler/288255
Tom Davies,Everton FC,2021-11-19,2022-06-30,injury-knee-injury,https://www.transfermarkt.com/tom-davies/verletzungen/spieler/314210
Fabian Delph,Everton FC,2022-01-21,2022-05-04,injury-hamstring-injury,https://www.transfermarkt.com/fabian-delph/verletzungen/spieler/50362
Fabian Delph,Everton FC,2021-08-27,2021-10-25,injury-shoulder-injury,https://www.transfermarkt.com/fabian-delph/verletzungen/spieler/50362
Abdoulaye Doucouré,Everton FC,2021-10-17,2021-11-28,injury-stress-reaction-of-the-bone,https://www.transfermarkt.com/abdoulaye-doucoure/verletzungen/spieler/127187
Abdoulaye Doucouré,Everton FC,2021-07-01,2021-07-05,injury-foot-injury,https://www.transfermarkt.com/abdoulaye-doucoure/verletzungen/spieler/127187
Dele Alli,Everton FC,2022-04-09,2022-06-30,injury-hamstring-strain,https://www.transfermarkt.com/dele-alli/verletzungen/spieler/207929
Dele Alli,Everton FC,2021-07-01,2021-09-02,injury-tendon-irritation,https://www.transfermarkt.com/dele-alli/verletzungen/spieler/207929
Demarai Gray,Everton FC,2022-03-03,2022-06-30,injury-ill,https://www.transfermarkt.com/demarai-gray/verletzungen/spieler/292417
Demarai Gray,Everton FC,2021-12-15,2021-12-17,injury-ill,https://www.transfermarkt.com/demarai-gray/verletzungen/spieler/292417
Alex Iwobi,Everton FC,2021-07-01,2021-10-13,injury-calf-injury,https://www.transfermarkt.com/alex-iwobi/verletzungen/spieler/242631
Nathan Broadhead,Everton FC,2021-12-21,2022-01-04,injury-hamstring-injury,https://www.transfermarkt.com/nathan-broadhead/verletzungen/spieler/344009
Andros Townsend,Everton FC,2022-03-20,2022-06-30,injury-cruciate-ligament-injury,https://www.transfermarkt.com/andros-townsend/verletzungen/spieler/61842
Andros Townsend,Everton FC,2021-12-14,2022-06-01,injury-broken-foot,https://www.transfermarkt.com/andros-townsend/verletzungen/spieler/61842
Richarlison,Everton FC,2021-12-12,2022-06-30,injury-calf-injury,https://www.transfermarkt.com/richarlison/verletzungen/spieler/378710
Richarlison,Everton FC,2021-09-13,2021-10-22,injury-knee-injury,https://www.transfermarkt.com/richarlison/verletzungen/spieler/378710
Richarlison,Everton FC,2021-07-01,2021-11-01,injury-bruise,https://www.transfermarkt.com/richarlison/verletzungen/spieler/378710
Dominic Calvert-Lewin,Everton FC,2022-05-11,2022-06-30,injury-hamstring-injury,https://www.transfermarkt.com/dominic-calvert-lewin/verletzungen/spieler/306024
Dominic Calvert-Lewin,Everton FC,2022-04-08,2022-03-10,injury-knee-injury,https://www.transfermarkt.com/dominic-calvert-lewin/verletzungen/spieler/306024
Dominic Calvert-Lewin,Everton FC,2021-08-28,2021-12-31,injury-broken-toe,https://www.transfermarkt.com/dominic-calvert-lewin/verletzungen/spieler/306024
Cenk Tosun,Everton FC,2021-11-04,2021-10-24,injury-patellar-tendon-rupture,https://www.transfermarkt.com/cenk-tosun/verletzungen/spieler/45671
Cenk Tosun,Everton FC,2021-07-01,2021-07-04,injury-corona-virus,https://www.transfermarkt.com/cenk-tosun/verletzungen/spieler/45671
Cenk Tosun,Everton FC,2021-07-01,2021-08-02,injury-quarantine,https://www.transfermarkt.com/cenk-tosun/verletzungen/spieler/45671
Diego Llorente,Leeds United,2021-08-06,2021-11-06,injury-quarantine,https://www.transfermarkt.com/diego-llorente/verletzungen/spieler/246291
Robin Koch,Leeds United,2022-03-21,2022-03-28,injury-corona-virus,https://www.transfermarkt.com/robin-koch/verletzungen/spieler/328784
Robin Koch,Leeds United,2021-11-29,2021-12-17,injury-ill,https://www.transfermarkt.com/robin-koch/verletzungen/spieler/328784
Robin Koch,Leeds United,2021-08-19,2021-11-28,injury-pubic-bone-bruise,https://www.transfermarkt.com/robin-koch/verletzungen/spieler/328784
Robin Koch,Leeds United,2021-07-01,2021-09-03,injury-knee-injury,https://www.transfermarkt.com/robin-koch/verletzungen/spieler/328784
Pascal Struijk,Leeds United,2021-07-01,2022-01-14,injury-hip-injury,https://www.transfermarkt.com/pascal-struijk/verletzungen/spieler/410708
Liam Cooper,Leeds United,2021-07-01,2022-03-14,injury-hamstring-injury,https://www.transfermarkt.com/liam-cooper/verletzungen/spieler/75067
Charlie Cresswell,Leeds United,2021-12-18,2022-02-18,injury-shoulder-injury,https://www.transfermarkt.com/charlie-cresswell/verletzungen/spieler/597659
Junior Firpo,Leeds United,2022-01-16,2022-02-14,injury-hamstring-strain,https://www.transfermarkt.com/junior-firpo/verletzungen/spieler/374139
Luke Ayling,Leeds United,2021-09-17,2021-11-28,injury-knee-injury,https://www.transfermarkt.com/luke-ayling/verletzungen/spieler/67420
Kalvin Phillips,Leeds United,2021-07-01,2022-03-14,injury-hamstring-injury,https://www.transfermarkt.com/kalvin-phillips/verletzungen/spieler/351749
Kalvin Phillips,Leeds United,2021-08-02,2021-08-03,injury-calf-injury,https://www.transfermarkt.com/kalvin-phillips/verletzungen/spieler/351749
Mateusz Klich,Leeds United,2021-08-29,2021-09-09,injury-corona-virus,https://www.transfermarkt.com/mateusz-klich/verletzungen/spieler/92738
Adam Forshaw,Leeds United,2022-04-22,2022-06-30,injury-broken-kneecap,https://www.transfermarkt.com/adam-forshaw/verletzungen/spieler/121257
Adam Forshaw,Leeds United,2021-07-01,2021-12-04,injury-hip-injury,https://www.transfermarkt.com/adam-forshaw/verletzungen/spieler/121257
Stuart Dallas,Leeds United,2022-04-30,2022-06-30,injury-femoral-fracture,https://www.transfermarkt.com/stuart-dallas/verletzungen/spieler/158764
Raphinha,Leeds United,2022-03-17,2022-03-31,injury-corona-virus,https://www.transfermarkt.com/raphinha/verletzungen/spieler/411295
Crysencio Summerville,Leeds United,2022-04-23,2022-06-30,injury-ankle-injury,https://www.transfermarkt.com/crysencio-summerville/verletzungen/spieler/474701
Ian Poveda,Leeds United,2021-11-20,2022-04-20,injury-broken-ankle,https://www.transfermarkt.com/ian-poveda/verletzungen/spieler/392763
Patrick Bamford,Leeds United,2022-05-11,2022-06-30,injury-groin-problems,https://www.transfermarkt.com/patrick-bamford/verletzungen/spieler/183334
Patrick Bamford,Leeds United,2022-03-27,2022-01-07,injury-foot-injury,https://www.transfermarkt.com/patrick-bamford/verletzungen/spieler/183334
Patrick Bamford,Leeds United,2021-07-12,2022-02-28,injury-hamstring-injury,https://www.transfermarkt.com/patrick-bamford/verletzungen/spieler/183334
Patrick Bamford,Leeds United,2021-09-18,2021-11-28,injury-ankle-injury,https://www.transfermarkt.com/patrick-bamford/verletzungen/spieler/183334
Rodrigo,Leeds United,2021-09-12,2022-01-14,injury-heel-problems,https://www.transfermarkt.com/rodrigo/verletzungen/spieler/131505
Wesley Fofana,Leicester City,2022-06-10,2022-06-30,injury-knee-injury,https://www.transfermarkt.com/wesley-fofana/verletzungen/spieler/475411
Wesley Fofana,Leicester City,2021-07-01,2022-03-15,injury-broken-fibula,https://www.transfermarkt.com/wesley-fofana/verletzungen/spieler/475411
Jonny Evans,Leicester City,2021-12-12,2022-03-31,injury-hamstring-injury,https://www.transfermarkt.com/jonny-evans/verletzungen/spieler/42412
Jonny Evans,Leicester City,2021-07-01,2021-10-09,injury-foot-injury,https://www.transfermarkt.com/jonny-evans/verletzungen/spieler/42412
Jonny Evans,Leicester City,2021-07-01,2021-12-05,injury-muscle-injury,https://www.transfermarkt.com/jonny-evans/verletzungen/spieler/42412
Filip Benkovic,Leicester City,2022-01-12,2022-06-30,injury-hip-injury,https://www.transfermarkt.com/filip-benkovic/verletzungen/spieler/293168
Ryan Bertrand,Leicester City,2021-12-26,2022-06-02,injury-knee-problems,https://www.transfermarkt.com/ryan-bertrand/verletzungen/spieler/40611
Timothy Castagne,Leicester City,2022-03-01,2022-03-17,injury-hamstring-injury,https://www.transfermarkt.com/timothy-castagne/verletzungen/spieler/262226
Timothy Castagne,Leicester City,2021-07-01,2021-08-15,injury-fracture-of-the-eye-socket,https://www.transfermarkt.com/timothy-castagne/verletzungen/spieler/262226
James Justin,Leicester City,2021-10-02,2022-06-30,injury-cruciate-ligament-tear,https://www.transfermarkt.com/james-justin/verletzungen/spieler/413220
Ricardo Pereira,Leicester City,2022-05-08,2022-06-30,injury-achilles-tendon-rupture,https://www.transfermarkt.com/ricardo-pereira/verletzungen/spieler/215876
Ricardo Pereira,Leicester City,2021-11-19,2021-11-12,injury-hamstring-injury,https://www.transfermarkt.com/ricardo-pereira/verletzungen/spieler/215876
Wilfred Ndidi,Leicester City,2022-03-17,2022-05-30,injury-knee-injury,https://www.transfermarkt.com/wilfred-ndidi/verletzungen/spieler/274839
Wilfred Ndidi,Leicester City,2021-07-01,2021-08-02,injury-hamstring-strain,https://www.transfermarkt.com/wilfred-ndidi/verletzungen/spieler/274839
Nampalys Mendy,Leicester City,2022-06-10,2022-06-30,injury-knee-injury,https://www.transfermarkt.com/nampalys-mendy/verletzungen/spieler/111051
Nampalys Mendy,Leicester City,2022-05-16,2022-05-18,injury-ill,https://www.transfermarkt.com/nampalys-mendy/verletzungen/spieler/111051
Nampalys Mendy,Leicester City,2021-07-01,2021-12-20,injury-groin-problems,https://www.transfermarkt.com/nampalys-mendy/verletzungen/spieler/111051
Nampalys Mendy,Leicester City,2021-07-01,2021-09-30,injury-groin-problems,https://www.transfermarkt.com/nampalys-mendy/verletzungen/spieler/111051
Youri Tielemans,Leicester City,2021-07-11,2021-07-12,injury-calf-injury,https://www.transfermarkt.com/youri-tielemans/verletzungen/spieler/249565
Dennis Praet,Leicester City,2021-12-19,2021-12-22,injury-muscular-problems,https://www.transfermarkt.com/dennis-praet/verletzungen/spieler/129588
Dennis Praet,Leicester City,2021-11-17,2021-11-24,injury-bone-edema,https://www.transfermarkt.com/dennis-praet/verletzungen/spieler/129588
Dennis Praet,Leicester City,2021-09-17,2021-10-18,injury-hamstring-muscle-injury,https://www.transfermarkt.com/dennis-praet/verletzungen/spieler/129588
Kiernan Dewsbury-Hall,Leicester City,2022-04-29,2022-03-05,injury-calf-injury,https://www.transfermarkt.com/kiernan-dewsbury-hall/verletzungen/spieler/475188
James Maddison,Leicester City,2022-04-28,2022-03-05,injury-hip-injury,https://www.transfermarkt.com/james-maddison/verletzungen/spieler/294057
James Maddison,Leicester City,2021-07-01,2021-12-04,injury-hip-injury,https://www.transfermarkt.com/james-maddison/verletzungen/spieler/294057
Harvey Barnes,Leicester City,2022-05-08,2022-06-30,injury-knee-injury,https://www.transfermarkt.com/harvey-barnes/verletzungen/spieler/398065
Harvey Barnes,Leicester City,2021-12-15,2022-01-15,injury-unknown-injury,https://www.transfermarkt.com/harvey-barnes/verletzungen/spieler/398065
Ayoze Pérez,Leicester City,2021-07-01,2021-07-03,injury-knee-injury,https://www.transfermarkt.com/ayoze-perez/verletzungen/spieler/246968
Ayoze Pérez,Leicester City,2021-11-02,2021-12-02,injury-calf-injury,https://www.transfermarkt.com/ayoze-perez/verletzungen/spieler/246968
Jamie Vardy,Leicester City,2021-12-27,2022-02-24,injury-hamstring-injury,https://www.transfermarkt.com/jamie-vardy/verletzungen/spieler/197838
Alisson,Liverpool FC,2022-01-01,2022-06-30,injury-corona-virus,https://www.transfermarkt.com/alisson/verletzungen/spieler/105470
Caoimhín Kelleher,Liverpool FC,2022-06-15,2022-06-30,injury-hamstring-injury,https://www.transfermarkt.com/caoimhin-kelleher/verletzungen/spieler/340918
Adrián,Liverpool FC,2021-07-01,2022-02-01,injury-calf-injury,https://www.transfermarkt.com/adrian/verletzungen/spieler/71271
Virgil van Dijk,Liverpool FC,2022-06-06,2022-06-16,injury-rest,https://www.transfermarkt.com/virgil-van-dijk/verletzungen/spieler/139208
Virgil van Dijk,Liverpool FC,2022-05-16,2022-05-19,injury-knee-problems,https://www.transfermarkt.com/virgil-van-dijk/verletzungen/spieler/139208
Virgil van Dijk,Liverpool FC,2021-12-16,2021-12-27,injury-corona-virus,https://www.transfermarkt.com/virgil-van-dijk/verletzungen/spieler/139208
Ibrahima Konaté,Liverpool FC,2022-01-08,2022-06-30,injury-knee-injury,https://www.transfermarkt.com/ibrahima-konate/verletzungen/spieler/357119
Nat Phillips,Liverpool FC,2021-08-12,2022-01-22,injury-broken-cheekbone,https://www.transfermarkt.com/nat-phillips/verletzungen/spieler/371814
Sepp van den Berg,Liverpool FC,2022-03-10,2022-06-30,injury-torn-ankle-ligaments,https://www.transfermarkt.com/sepp-van-den-berg/verletzungen/spieler/541231
Rhys Williams,Liverpool FC,2021-11-09,2021-09-17,injury-knock,https://www.transfermarkt.com/rhys-williams/verletzungen/spieler/503679
Trent Alexander-Arnold,Liverpool FC,2022-03-17,2022-03-31,injury-hamstring-injury,https://www.transfermarkt.com/trent-alexander-arnold/verletzungen/spieler/314353
Trent Alexander-Arnold,Liverpool FC,2022-03-01,2022-01-13,injury-corona-virus,https://www.transfermarkt.com/trent-alexander-arnold/verletzungen/spieler/314353
Trent Alexander-Arnold,Liverpool FC,2021-09-27,2021-10-14,injury-muscular-problems,https://www.transfermarkt.com/trent-alexander-arnold/verletzungen/spieler/314353
Trent Alexander-Arnold,Liverpool FC,2021-07-01,2021-12-07,injury-hamstring-injury,https://www.transfermarkt.com/trent-alexander-arnold/verletzungen/spieler/314353
Jordan Henderson,Liverpool FC,2021-12-18,2021-12-20,injury-ill,https://www.transfermarkt.com/jordan-henderson/verletzungen/spieler/61651
Curtis Jones,Liverpool FC,2022-01-09,2022-06-30,injury-stress-reaction-of-the-bone,https://www.transfermarkt.com/curtis-jones/verletzungen/spieler/433188
Curtis Jones,Liverpool FC,2021-07-01,2022-02-01,injury-eye-injury,https://www.transfermarkt.com/curtis-jones/verletzungen/spieler/433188
Naby Keïta,Liverpool FC,2022-05-11,2022-06-30,injury-muscle-injury,https://www.transfermarkt.com/naby-keita/verletzungen/spieler/302215
Naby Keïta,Liverpool FC,2022-01-08,2022-01-11,injury-hamstring-injury,https://www.transfermarkt.com/naby-keita/verletzungen/spieler/302215
Naby Keïta,Liverpool FC,2022-03-21,2022-03-04,injury-knee-problems,https://www.transfermarkt.com/naby-keita/verletzungen/spieler/302215
Thiago Alcántara,Liverpool FC,2022-06-08,2022-04-09,injury-hamstring-injury,https://www.transfermarkt.com/thiago-alcantara/verletzungen/spieler/60444
Thiago Alcántara,Liverpool FC,2022-02-26,2022-06-03,injury-thigh-problems,https://www.transfermarkt.com/thiago-alcantara/verletzungen/spieler/60444
Thiago Alcántara,Liverpool FC,2021-12-27,2022-02-02,injury-hip-injury,https://www.transfermarkt.com/thiago-alcantara/verletzungen/spieler/60444
Thiago Alcántara,Liverpool FC,2021-12-19,2021-12-29,injury-corona-virus,https://www.transfermarkt.com/thiago-alcantara/verletzungen/spieler/60444
Thiago Alcántara,Liverpool FC,2021-09-18,2021-10-31,injury-calf-injury,https://www.transfermarkt.com/thiago-alcantara/verletzungen/spieler/60444
James Milner,Liverpool FC,2022-01-11,2022-06-30,injury-concussion,https://www.transfermarkt.com/james-milner/verletzungen/spieler/3333
James Milner,Liverpool FC,2021-10-24,2021-11-22,injury-hamstring-injury,https://www.transfermarkt.com/james-milner/verletzungen/spieler/3333
James Milner,Liverpool FC,2021-08-15,2021-08-09,injury-muscle-injury,https://www.transfermarkt.com/james-milner/verletzungen/spieler/3333
James Balagizi,Liverpool FC,2022-01-10,2022-06-30,injury-groin-injury,https://www.transfermarkt.com/james-balagizi/verletzungen/spieler/655987
Harvey Elliott,Liverpool FC,2021-09-13,2022-01-31,injury-dislocation-fracture-of-the-ankle-joint,https://www.transfermarkt.com/harvey-elliott/verletzungen/spieler/565822
Ben Woodburn,Liverpool FC,2022-01-16,2022-01-25,injury-ill,https://www.transfermarkt.com/ben-woodburn/verletzungen/spieler/344015
Diogo Jota,Liverpool FC,2022-01-08,2022-01-09,injury-hamstring-injury,https://www.transfermarkt.com/diogo-jota/verletzungen/spieler/340950
Diogo Jota,Liverpool FC,2022-02-14,2022-02-28,injury-ankle-injury,https://www.transfermarkt.com/diogo-jota/verletzungen/spieler/340950
Takumi Minamino,Liverpool FC,2022-05-08,2022-06-30,injury-muscular-problems,https://www.transfermarkt.com/takumi-minamino/verletzungen/spieler/165793
Takumi Minamino,Liverpool FC,2021-07-01,2021-09-13,injury-thigh-problems,https://www.transfermarkt.com/takumi-minamino/verletzungen/spieler/165793
Roberto Firmino,Liverpool FC,2022-04-17,2022-06-30,injury-foot-injury,https://www.transfermarkt.com/roberto-firmino/verletzungen/spieler/131789
Roberto Firmino,Liverpool FC,2022-02-17,2022-06-30,injury-muscular-problems,https://www.transfermarkt.com/roberto-firmino/verletzungen/spieler/131789
Roberto Firmino,Liverpool FC,2022-01-01,2022-06-30,injury-corona-virus,https://www.transfermarkt.com/roberto-firmino/verletzungen/spieler/131789
Roberto Firmino,Liverpool FC,2021-07-01,2021-12-12,injury-hamstring-injury,https://www.transfermarkt.com/roberto-firmino/verletzungen/spieler/131789
Roberto Firmino,Liverpool FC,2021-08-29,2021-09-22,injury-muscle-injury,https://www.transfermarkt.com/roberto-firmino/verletzungen/spieler/131789
Divock Origi,Liverpool FC,2021-12-15,2022-02-15,injury-muscular-problems,https://www.transfermarkt.com/divock-origi/verletzungen/spieler/148368
Ederson,Manchester City,2021-07-01,2021-12-01,injury-virus,https://www.transfermarkt.com/ederson/verletzungen/spieler/238223
Zack Steffen,Manchester City,2021-07-01,2021-09-20,injury-corona-virus,https://www.transfermarkt.com/zack-steffen/verletzungen/spieler/221624
Zack Steffen,Manchester City,2021-08-06,2021-08-07,injury-bone-bruise,https://www.transfermarkt.com/zack-steffen/verletzungen/spieler/221624
Rúben Dias,Manchester City,2022-03-03,2022-06-30,injury-knock,https://www.transfermarkt.com/ruben-dias/verletzungen/spieler/258004
Aymeric Laporte,Manchester City,2022-06-30,2022-03-10,injury-knee-surgery,https://www.transfermarkt.com/aymeric-laporte/verletzungen/spieler/176553
Philippe Sandler,Manchester City,2022-01-31,2022-04-23,injury-fitness,https://www.transfermarkt.com/philippe-sandler/verletzungen/spieler/340460
Philippe Sandler,Manchester City,2021-09-25,2022-01-01,injury-ankle-injury,https://www.transfermarkt.com/philippe-sandler/verletzungen/spieler/340460
Oleksandr Zinchenko,Manchester City,2022-01-01,2022-01-31,injury-corona-virus,https://www.transfermarkt.com/oleksandr-zinchenko/verletzungen/spieler/203853
Oleksandr Zinchenko,Manchester City,2021-09-17,2021-10-14,injury-unknown-injury,https://www.transfermarkt.com/oleksandr-zinchenko/verletzungen/spieler/203853
Oleksandr Zinchenko,Manchester City,2021-07-31,2021-08-08,injury-fitness,https://www.transfermarkt.com/oleksandr-zinchenko/verletzungen/spieler/203853
João Cancelo,Manchester City,2021-12-06,2021-07-15,injury-corona-virus,https://www.transfermarkt.com/joao-cancelo/verletzungen/spieler/182712
Kyle Walker,Manchester City,2022-03-10,2022-06-30,injury-groin-injury,https://www.transfermarkt.com/kyle-walker/verletzungen/spieler/95424
Rodri,Manchester City,2021-11-02,2021-12-02,injury-knock,https://www.transfermarkt.com/rodri/verletzungen/spieler/357565
İlkay Gündoğan,Manchester City,2021-09-19,2021-12-10,injury-hamstring-injury,https://www.transfermarkt.com/ilkay-gundogan/verletzungen/spieler/53622
Yan Couto,Manchester City,2022-01-19,2022-01-29,injury-corona-virus,https://www.transfermarkt.com/yan-couto/verletzungen/spieler/627228
Kevin De Bruyne,Manchester City,2021-07-01,2021-10-09,injury-ankle-injury,https://www.transfermarkt.com/kevin-de-bruyne/verletzungen/spieler/88755
Bernardo Silva,Manchester City,2021-09-11,2021-12-11,injury-muscular-problems,https://www.transfermarkt.com/bernardo-silva/verletzungen/spieler/241641
Jack Grealish,Manchester City,2021-07-01,2021-10-05,injury-shin-injury,https://www.transfermarkt.com/jack-grealish/verletzungen/spieler/203460
Samuel Edozie,Manchester City,2021-07-01,2022-02-21,injury-knee-injury,https://www.transfermarkt.com/samuel-edozie/verletzungen/spieler/680806
Phil Foden,Manchester City,2021-07-01,2021-09-09,injury-foot-injury,https://www.transfermarkt.com/phil-foden/verletzungen/spieler/406635
Raheem Sterling,Manchester City,2021-08-01,2021-12-01,injury-knock,https://www.transfermarkt.com/raheem-sterling/verletzungen/spieler/134425
Kayky,Manchester City,2021-07-01,2021-10-24,injury-knee-problems,https://www.transfermarkt.com/kayky/verletzungen/spieler/668265
Ben Knight,Manchester City,2021-07-01,2021-10-29,injury-knee-problems,https://www.transfermarkt.com/ben-knight/verletzungen/spieler/568007
Gabriel Jesus,Manchester City,2022-02-12,2022-06-30,injury-knee-injury,https://www.transfermarkt.com/gabriel-jesus/verletzungen/spieler/363205
Ferran Torres,Manchester City,2022-03-01,2022-06-30,injury-corona-virus,https://www.transfermarkt.com/ferran-torres/verletzungen/spieler/398184
Ferran Torres,Manchester City,2021-10-14,2022-06-30,injury-metatarsal-fracture,https://www.transfermarkt.com/ferran-torres/verletzungen/spieler/398184
Ferran Torres,Manchester City,2021-07-01,2021-12-01,injury-virus,https://www.transfermarkt.com/ferran-torres/verletzungen/spieler/398184
Dean Henderson,Manchester United,2021-07-01,2021-07-13,injury-hip-injury,https://www.transfermarkt.com/dean-henderson/verletzungen/spieler/258919
Raphaël Varane,Manchester United,2022-03-10,2022-06-30,injury-ankle-sprain,https://www.transfermarkt.com/raphael-varane/verletzungen/spieler/164770
Raphaël Varane,Manchester United,2022-03-04,2022-04-21,injury-muscular-problems,https://www.transfermarkt.com/raphael-varane/verletzungen/spieler/164770
Raphaël Varane,Manchester United,2022-01-03,2022-06-30,injury-corona-virus,https://www.transfermarkt.com/raphael-varane/verletzungen/spieler/164770
Raphaël Varane,Manchester United,2022-02-14,2022-02-18,injury-abdominal-problems,https://www.transfermarkt.com/raphael-varane/verletzungen/spieler/164770
Raphaël Varane,Manchester United,2021-07-01,2021-12-22,injury-hamstring-injury,https://www.transfermarkt.com/raphael-varane/verletzungen/spieler/164770
Raphaël Varane,Manchester United,2021-11-10,2021-10-26,injury-groin-injury,https://www.transfermarkt.com/raphael-varane/verletzungen/spieler/164770
Harry Maguire,Manchester United,2022-04-26,2022-03-05,injury-knee-problems,https://www.transfermarkt.com/harry-maguire/verletzungen/spieler/177907
Harry Maguire,Manchester United,2022-01-01,2022-01-14,injury-chest-injury,https://www.transfermarkt.com/harry-maguire/verletzungen/spieler/177907
Harry Maguire,Manchester United,2021-09-25,2021-10-15,injury-calf-injury,https://www.transfermarkt.com/harry-maguire/verletzungen/spieler/177907
Victor Lindelöf,Manchester United,2022-01-31,2022-06-30,injury-ill,https://www.transfermarkt.com/victor-lindelof/verletzungen/spieler/184573
Victor Lindelöf,Manchester United,2021-12-26,2022-05-01,injury-corona-virus,https://www.transfermarkt.com/victor-lindelof/verletzungen/spieler/184573
Victor Lindelöf,Manchester United,2021-11-12,2021-12-21,injury-heart-problems,https://www.transfermarkt.com/victor-lindelof/verletzungen/spieler/184573
Eric Bailly,Manchester United,2022-03-02,2022-02-16,injury-ankle-injury,https://www.transfermarkt.com/eric-bailly/verletzungen/spieler/286384
Phil Jones,Manchester United,2021-07-01,2021-09-09,injury-knee-injury,https://www.transfermarkt.com/phil-jones/verletzungen/spieler/117996
Teden Mengi,Manchester United,2022-03-15,2022-01-10,injury-hamstring-injury,https://www.transfermarkt.com/teden-mengi/verletzungen/spieler/548470
Luke Shaw,Manchester United,2022-02-04,2022-05-13,injury-leg-injury,https://www.transfermarkt.com/luke-shaw/verletzungen/spieler/183288
Luke Shaw,Manchester United,2022-02-03,2022-03-16,injury-corona-virus,https://www.transfermarkt.com/luke-shaw/verletzungen/spieler/183288
Luke Shaw,Manchester United,2022-01-18,2022-01-31,injury-hamstring-injury,https://www.transfermarkt.com/luke-shaw/verletzungen/spieler/183288
Luke Shaw,Manchester United,2021-11-20,2021-07-12,injury-head-injury,https://www.transfermarkt.com/luke-shaw/verletzungen/spieler/183288
Alex Telles,Manchester United,2022-03-12,2022-06-30,injury-knee-injury,https://www.transfermarkt.com/alex-telles/verletzungen/spieler/255755
Alex Telles,Manchester United,2022-03-02,2022-06-30,injury-corona-virus,https://www.transfermarkt.com/alex-telles/verletzungen/spieler/255755
Alex Telles,Manchester United,2021-07-20,2021-09-16,injury-ankle-injury,https://www.transfermarkt.com/alex-telles/verletzungen/spieler/255755
Alex Telles,Manchester United,2021-07-01,2021-07-04,injury-ill,https://www.transfermarkt.com/alex-telles/verletzungen/spieler/255755
Aaron Wan-Bissaka,Manchester United,2022-01-14,2022-01-23,injury-ill,https://www.transfermarkt.com/aaron-wan-bissaka/verletzungen/spieler/477758
Nemanja Matić,Manchester United,2021-10-12,2021-12-17,injury-ill,https://www.transfermarkt.com/nemanja-matic/verletzungen/spieler/74683
Paul Pogba,Manchester United,2022-05-09,2022-06-30,injury-knee-surgery,https://www.transfermarkt.com/paul-pogba/verletzungen/spieler/122153
Paul Pogba,Manchester United,2022-04-18,2022-05-23,injury-calf-injury,https://www.transfermarkt.com/paul-pogba/verletzungen/spieler/122153
Paul Pogba,Manchester United,2021-08-11,2022-03-02,injury-hamstring-injury,https://www.transfermarkt.com/paul-pogba/verletzungen/spieler/122153
Paul Pogba,Manchester United,2021-08-04,2021-11-04,injury-muscle-injury,https://www.transfermarkt.com/paul-pogba/verletzungen/spieler/122153
Scott McTominay,Manchester United,2022-06-04,2022-04-18,injury-foot-injury,https://www.transfermarkt.com/scott-mctominay/verletzungen/spieler/315969
Scott McTominay,Manchester United,2022-02-22,2022-02-03,injury-ill,https://www.transfermarkt.com/scott-mctominay/verletzungen/spieler/315969
Scott McTominay,Manchester United,2021-08-26,2021-09-16,injury-groin-injury,https://www.transfermarkt.com/scott-mctominay/verletzungen/spieler/315969
Donny van de Beek,Manchester United,2022-03-09,2022-06-30,injury-shingles,https://www.transfermarkt.com/donny-van-de-beek/verletzungen/spieler/288255
Donny van de Beek,Manchester United,2022-04-21,2022-05-16,injury-thigh-problems,https://www.transfermarkt.com/donny-van-de-beek/verletzungen/spieler/288255
Donny van de Beek,Manchester United,2022-03-31,2022-06-30,injury-thigh-problems,https://www.transfermarkt.com/donny-van-de-beek/verletzungen/spieler/288255
Donny van de Beek,Manchester United,2021-07-06,2021-12-07,injury-groin-injury,https://www.transfermarkt.com/donny-van-de-beek/verletzungen/spieler/288255
Hannibal,Manchester United,2022-06-01,2022-06-30,injury-corona-virus,https://www.transfermarkt.com/hannibal/verletzungen/spieler/607224
Tahith Chong,Manchester United,2021-07-01,2022-02-21,injury-groin-surgery,https://www.transfermarkt.com/tahith-chong/verletzungen/spieler/344830
Jadon Sancho,Manchester United,2022-01-11,2022-06-30,injury-ill,https://www.transfermarkt.com/jadon-sancho/verletzungen/spieler/401173
Jadon Sancho,Manchester United,2022-04-26,2022-06-30,injury-tonsillitis,https://www.transfermarkt.com/jadon-sancho/verletzungen/spieler/401173
Marcus Rashford,Manchester United,2022-04-09,2022-06-30,injury-muscle-injury,https://www.transfermarkt.com/marcus-rashford/verletzungen/spieler/258923
Marcus Rashford,Manchester United,2022-04-05,2022-05-19,injury-bronchitis,https://www.transfermarkt.com/marcus-rashford/verletzungen/spieler/258923
Marcus Rashford,Manchester United,2022-01-13,2022-01-17,injury-dead-leg,https://www.transfermarkt.com/marcus-rashford/verletzungen/spieler/258923
Marcus Rashford,Manchester United,2021-07-14,2021-10-15,injury-shoulder-injury,https://www.transfermarkt.com/marcus-rashford/verletzungen/spieler/258923
Amad Diallo,Manchester United,2022-02-03,2022-06-30,injury-unknown-injury,https://www.transfermarkt.com/amad-diallo/verletzungen/spieler/536835
Amad Diallo,Manchester United,2021-08-28,2021-08-10,injury-thigh-problems,https://www.transfermarkt.com/amad-diallo/verletzungen/spieler/536835
Mason Greenwood,Manchester United,2021-11-19,2021-11-27,injury-corona-virus,https://www.transfermarkt.com/mason-greenwood/verletzungen/spieler/532826
Mason Greenwood,Manchester United,2021-07-01,2021-10-07,injury-unknown-injury,https://www.transfermarkt.com/mason-greenwood/verletzungen/spieler/532826
Cristiano Ronaldo,Manchester United,2022-03-03,2022-06-30,injury-hip-flexor-problems,https://www.transfermarkt.com/cristiano-ronaldo/verletzungen/spieler/8198
Cristiano Ronaldo,Manchester United,2021-08-26,2021-08-30,injury-arm-injury,https://www.transfermarkt.com/cristiano-ronaldo/verletzungen/spieler/8198
Anthony Martial,Manchester United,2022-02-21,2022-06-30,injury-muscle-injury,https://www.transfermarkt.com/anthony-martial/verletzungen/spieler/182877
Anthony Martial,Manchester United,2021-07-01,2021-12-13,injury-knee-injury,https://www.transfermarkt.com/anthony-martial/verletzungen/spieler/182877
Anthony Martial,Manchester United,2021-10-15,2021-10-29,injury-fitness,https://www.transfermarkt.com/anthony-martial/verletzungen/spieler/182877
Edinson Cavani,Manchester United,2022-01-04,2022-04-30,injury-calf-injury,https://www.transfermarkt.com/edinson-cavani/verletzungen/spieler/48280
Freddie Woodman,Newcastle United,2021-09-13,2021-12-20,injury-hip-injury,https://www.transfermarkt.com/freddie-woodman/verletzungen/spieler/226049
Martin Dúbravka,Newcastle United,2022-03-22,2022-01-04,injury-angina,https://www.transfermarkt.com/martin-dubravka/verletzungen/spieler/74960
Martin Dúbravka,Newcastle United,2021-07-13,2021-09-20,injury-foot-injury,https://www.transfermarkt.com/martin-dubravka/verletzungen/spieler/74960
Karl Darlow,Newcastle United,2022-05-09,2022-05-11,injury-ankle-injury,https://www.transfermarkt.com/karl-darlow/verletzungen/spieler/99397
Dan Burn,Newcastle United,2021-12-26,2021-12-28,injury-shoulder-injury,https://www.transfermarkt.com/dan-burn/verletzungen/spieler/134270
Dan Burn,Newcastle United,2021-10-27,2021-11-19,injury-knee-injury,https://www.transfermarkt.com/dan-burn/verletzungen/spieler/134270
Dan Burn,Newcastle United,2021-07-31,2021-09-18,injury-torn-knee-ligaments,https://www.transfermarkt.com/dan-burn/verletzungen/spieler/134270
Fabian Schär,Newcastle United,2022-03-23,2022-01-04,injury-adductor-pain,https://www.transfermarkt.com/fabian-schar/verletzungen/spieler/135343
Ciaran Clark,Newcastle United,2021-12-21,2022-01-01,injury-corona-virus,https://www.transfermarkt.com/ciaran-clark/verletzungen/spieler/98240
Federico Fernández,Newcastle United,2021-12-13,2022-02-15,injury-thigh-problems,https://www.transfermarkt.com/federico-fernandez/verletzungen/spieler/85475
Jamal Lewis,Newcastle United,2022-01-03,2022-01-05,injury-groin-surgery,https://www.transfermarkt.com/jamal-lewis/verletzungen/spieler/346018
Jamal Lewis,Newcastle United,2021-12-17,2022-01-14,injury-hamstring-injury,https://www.transfermarkt.com/jamal-lewis/verletzungen/spieler/346018
Paul Dummett,Newcastle United,2021-07-28,2022-01-01,injury-calf-injury,https://www.transfermarkt.com/paul-dummett/verletzungen/spieler/170321
Javier Manquillo,Newcastle United,2021-07-02,2021-10-03,injury-ankle-injury,https://www.transfermarkt.com/javier-manquillo/verletzungen/spieler/162029
Isaac Hayden,Newcastle United,2021-12-28,2022-04-20,injury-knee-surgery,https://www.transfermarkt.com/isaac-hayden/verletzungen/spieler/206225
Bruno Guimarães,Newcastle United,2021-07-01,2021-11-01,injury-corona-virus,https://www.transfermarkt.com/bruno-guimaraes/verletzungen/spieler/520624
Joe Willock,Newcastle United,2022-01-05,2022-05-25,injury-knee-injury,https://www.transfermarkt.com/joe-willock/verletzungen/spieler/340329
Joe Willock,Newcastle United,2022-04-04,2022-06-30,injury-knee-injury,https://www.transfermarkt.com/joe-willock/verletzungen/spieler/340329
Joe Willock,Newcastle United,2021-12-21,2021-12-31,injury-corona-virus,https://www.transfermarkt.com/joe-willock/verletzungen/spieler/340329
Joelinton,Newcastle United,2022-05-22,2022-06-15,injury-laceration,https://www.transfermarkt.com/joelinton/verletzungen/spieler/333241
Joelinton,Newcastle United,2022-01-22,2022-05-02,injury-groin-injury,https://www.transfermarkt.com/joelinton/verletzungen/spieler/333241
Jonjo Shelvey,Newcastle United,2022-01-05,2022-05-25,injury-calf-problems,https://www.transfermarkt.com/jonjo-shelvey/verletzungen/spieler/71292
Jonjo Shelvey,Newcastle United,2021-12-17,2021-12-26,injury-muscle-injury,https://www.transfermarkt.com/jonjo-shelvey/verletzungen/spieler/71292
Jonjo Shelvey,Newcastle United,2021-08-15,2021-10-15,injury-calf-injury,https://www.transfermarkt.com/jonjo-shelvey/verletzungen/spieler/71292
Matt Ritchie,Newcastle United,2021-12-21,2022-01-01,injury-corona-virus,https://www.transfermarkt.com/matt-ritchie/verletzungen/spieler/92469
Allan Saint-Maximin,Newcastle United,2022-02-14,2022-04-03,injury-knock,https://www.transfermarkt.com/allan-saint-maximin/verletzungen/spieler/272642
Allan Saint-Maximin,Newcastle United,2021-12-28,2022-05-01,injury-calf-injury,https://www.transfermarkt.com/allan-saint-maximin/verletzungen/spieler/272642
Ryan Fraser,Newcastle United,2021-07-01,2021-11-01,injury-groin-injury,https://www.transfermarkt.com/ryan-fraser/verletzungen/spieler/146795
Callum Wilson,Newcastle United,2022-01-11,2022-06-30,injury-corona-virus,https://www.transfermarkt.com/callum-wilson/verletzungen/spieler/123682
Callum Wilson,Newcastle United,2021-12-27,2022-01-05,injury-calf-injury,https://www.transfermarkt.com/callum-wilson/verletzungen/spieler/123682
Callum Wilson,Newcastle United,2021-08-30,2021-10-17,injury-hamstring-injury,https://www.transfermarkt.com/callum-wilson/verletzungen/spieler/123682
Callum Wilson,Newcastle United,2021-07-01,2021-11-01,injury-hamstring-injury,https://www.transfermarkt.com/callum-wilson/verletzungen/spieler/123682
Daniel Barden,Norwich City,2021-10-18,2022-03-17,injury-testicular-cancer,https://www.transfermarkt.com/daniel-barden/verletzungen/spieler/504042
Ozan Kabak,Norwich City,2022-03-30,2022-05-23,injury-hamstring-injury,https://www.transfermarkt.com/ozan-kabak/verletzungen/spieler/361260
Ozan Kabak,Norwich City,2021-07-01,2021-11-29,injury-influenza,https://www.transfermarkt.com/ozan-kabak/verletzungen/spieler/361260
Grant Hanley,Norwich City,2021-10-31,2021-11-24,injury-groin-injury,https://www.transfermarkt.com/grant-hanley/verletzungen/spieler/121385
Rocky Bushiri,Norwich City,2021-07-01,2021-10-23,injury-meniscus-injury,https://www.transfermarkt.com/rocky-bushiri/verletzungen/spieler/511802
Mathias Normann,Norwich City,2021-11-27,2022-04-02,injury-pelvic-injury,https://www.transfermarkt.com/mathias-normann/verletzungen/spieler/257805
Mathias Normann,Norwich City,2021-07-01,2021-09-05,injury-muscle-injury,https://www.transfermarkt.com/mathias-normann/verletzungen/spieler/257805
Pierre Lees-Melou,Norwich City,2021-12-12,2021-12-18,injury-corona-virus,https://www.transfermarkt.com/pierre-lees-melou/verletzungen/spieler/377393
Pierre Lees-Melou,Norwich City,2021-07-01,2021-10-01,injury-wrist-fracture,https://www.transfermarkt.com/pierre-lees-melou/verletzungen/spieler/377393
Jacob Lungi Sørensen,Norwich City,2022-01-21,2022-01-03,injury-knee-injury,https://www.transfermarkt.com/jacob-lungi-sorensen/verletzungen/spieler/390664
Kenny McLean,Norwich City,2021-09-05,2021-10-08,injury-knee-injury,https://www.transfermarkt.com/kenny-mclean/verletzungen/spieler/126600
Daniel Adshead,Norwich City,2021-11-27,2022-03-31,injury-metatarsal-fracture,https://www.transfermarkt.com/daniel-adshead/verletzungen/spieler/532464
Przemyslaw Placheta,Norwich City,2021-08-15,2021-09-25,injury-ill,https://www.transfermarkt.com/przemyslaw-placheta/verletzungen/spieler/383109
Milot Rashica,Norwich City,2021-07-01,2021-12-01,injury-hamstring-injury,https://www.transfermarkt.com/milot-rashica/verletzungen/spieler/291739
Josh Sargent,Norwich City,2022-03-30,2022-01-07,injury-ankle-injury,https://www.transfermarkt.com/josh-sargent/verletzungen/spieler/393325
Alex McCarthy,Southampton FC,2021-07-01,2022-06-05,injury-hamstring-injury,https://www.transfermarkt.com/alex-mccarthy/verletzungen/spieler/95976
Fraser Forster,Southampton FC,2021-07-01,2021-12-25,injury-unknown-injury,https://www.transfermarkt.com/fraser-forster/verletzungen/spieler/52570
Mohammed Salisu,Southampton FC,2022-02-26,2022-06-03,injury-thigh-problems,https://www.transfermarkt.com/mohammed-salisu/verletzungen/spieler/563963
Jack Stephens,Southampton FC,2021-12-13,2022-06-30,injury-corona-virus,https://www.transfermarkt.com/jack-stephens/verletzungen/spieler/163744
Jack Stephens,Southampton FC,2021-09-18,2021-11-30,injury-knee-injury,https://www.transfermarkt.com/jack-stephens/verletzungen/spieler/163744
Romain Perraud,Southampton FC,2022-02-13,2022-02-24,injury-virus,https://www.transfermarkt.com/romain-perraud/verletzungen/spieler/318523
Tino Livramento,Southampton FC,2022-04-25,2022-06-30,injury-cruciate-ligament-tear,https://www.transfermarkt.com/tino-livramento/verletzungen/spieler/503981
Tino Livramento,Southampton FC,2022-06-01,2022-03-02,injury-knee-problems,https://www.transfermarkt.com/tino-livramento/verletzungen/spieler/503981
Kyle Walker-Peters,Southampton FC,2021-07-01,2021-10-02,injury-hamstring-strain,https://www.transfermarkt.com/kyle-walker-peters/verletzungen/spieler/341051
Stuart Armstrong,Southampton FC,2021-11-19,2021-12-22,injury-calf-injury,https://www.transfermarkt.com/stuart-armstrong/verletzungen/spieler/130765
Nathan Tella,Southampton FC,2022-01-22,2022-03-17,injury-groin-injury,https://www.transfermarkt.com/nathan-tella/verletzungen/spieler/340322
Nathan Tella,Southampton FC,2021-12-17,2021-12-27,injury-corona-virus,https://www.transfermarkt.com/nathan-tella/verletzungen/spieler/340322
Armando Broja,Southampton FC,2022-05-30,2022-06-30,injury-corona-virus,https://www.transfermarkt.com/armando-broja/verletzungen/spieler/571743
Armando Broja,Southampton FC,2021-11-11,2021-11-18,injury-fitness,https://www.transfermarkt.com/armando-broja/verletzungen/spieler/571743
Michael Obafemi,Southampton FC,2021-09-20,2021-10-21,injury-unknown-injury,https://www.transfermarkt.com/michael-obafemi/verletzungen/spieler/444208
Dan Nlundulu,Southampton FC,2022-01-29,2022-06-30,injury-hamstring-injury,https://www.transfermarkt.com/dan-nlundulu/verletzungen/spieler/346482
Shane Long,Southampton FC,2021-07-01,2021-09-19,injury-corona-virus,https://www.transfermarkt.com/shane-long/verletzungen/spieler/37304
Cristian Romero,Tottenham Hotspur,2021-11-17,2022-05-02,injury-hamstring-injury,https://www.transfermarkt.com/cristian-romero/verletzungen/spieler/355915
Cristian Romero,Tottenham Hotspur,2021-09-09,2021-09-17,injury-quarantine,https://www.transfermarkt.com/cristian-romero/verletzungen/spieler/355915
Cristian Romero,Tottenham Hotspur,2021-08-20,2021-08-25,injury-knee-injury,https://www.transfermarkt.com/cristian-romero/verletzungen/spieler/355915
Cristian Romero,Tottenham Hotspur,2021-07-01,2021-10-07,injury-knee-injury,https://www.transfermarkt.com/cristian-romero/verletzungen/spieler/355915
Davinson Sánchez,Tottenham Hotspur,2021-09-09,2021-09-17,injury-quarantine,https://www.transfermarkt.com/davinson-sanchez/verletzungen/spieler/341429
Ben Davies,Tottenham Hotspur,2022-03-28,2022-03-31,injury-hamstring-strain,https://www.transfermarkt.com/ben-davies/verletzungen/spieler/192765
Ben Davies,Tottenham Hotspur,2021-07-01,2021-11-10,injury-ill,https://www.transfermarkt.com/ben-davies/verletzungen/spieler/192765
Japhet Tanganga,Tottenham Hotspur,2022-04-02,2022-06-30,injury-knee-injury,https://www.transfermarkt.com/japhet-tanganga/verletzungen/spieler/346478
Joe Rodon,Tottenham Hotspur,2022-04-11,2022-06-30,injury-flu,https://www.transfermarkt.com/joe-rodon/verletzungen/spieler/297212
Joe Rodon,Tottenham Hotspur,2021-08-16,2021-07-09,injury-unknown-injury,https://www.transfermarkt.com/joe-rodon/verletzungen/spieler/297212
Sergio Reguilón,Tottenham Hotspur,2022-04-30,2022-06-30,injury-groin-problems,https://www.transfermarkt.com/sergio-reguilon/verletzungen/spieler/282429
Sergio Reguilón,Tottenham Hotspur,2022-02-15,2022-02-22,injury-corona-virus,https://www.transfermarkt.com/sergio-reguilon/verletzungen/spieler/282429
Ryan Sessegnon,Tottenham Hotspur,2021-12-21,2022-06-30,injury-muscle-injury,https://www.transfermarkt.com/ryan-sessegnon/verletzungen/spieler/392775
Ryan Sessegnon,Tottenham Hotspur,2021-07-01,2021-11-14,injury-bruise,https://www.transfermarkt.com/ryan-sessegnon/verletzungen/spieler/392775
Ryan Sessegnon,Tottenham Hotspur,2021-07-01,2021-08-15,injury-thigh-problems,https://www.transfermarkt.com/ryan-sessegnon/verletzungen/spieler/392775
Emerson Royal,Tottenham Hotspur,2021-07-01,2021-12-13,injury-unknown-injury,https://www.transfermarkt.com/emerson-royal/verletzungen/spieler/476344
Pierre-Emile Højbjerg,Tottenham Hotspur,2021-08-11,2021-11-22,injury-knee-injury,https://www.transfermarkt.com/pierre-emile-hojbjerg/verletzungen/spieler/167799
Oliver Skipp,Tottenham Hotspur,2022-05-02,2022-06-30,injury-inflammation-of-pubic-bone,https://www.transfermarkt.com/oliver-skipp/verletzungen/spieler/406638
Tanguy Ndombélé,Tottenham Hotspur,2022-04-15,2022-04-28,injury-dead-leg,https://www.transfermarkt.com/tanguy-ndombele/verletzungen/spieler/450936
Tanguy Ndombélé,Tottenham Hotspur,2022-01-03,2022-06-30,injury-dead-leg,https://www.transfermarkt.com/tanguy-ndombele/verletzungen/spieler/450936
Tanguy Ndombélé,Tottenham Hotspur,2021-08-08,2021-08-28,injury-knock,https://www.transfermarkt.com/tanguy-ndombele/verletzungen/spieler/450936
Rodrigo Bentancur,Tottenham Hotspur,2022-03-12,2022-06-30,injury-adductor-pain,https://www.transfermarkt.com/rodrigo-bentancur/verletzungen/spieler/354362
Rodrigo Bentancur,Tottenham Hotspur,2022-05-23,2022-06-13,injury-back-problems,https://www.transfermarkt.com/rodrigo-bentancur/verletzungen/spieler/354362
Rodrigo Bentancur,Tottenham Hotspur,2022-02-25,2022-04-03,injury-ankle-injury,https://www.transfermarkt.com/rodrigo-bentancur/verletzungen/spieler/354362
Harry Winks,Tottenham Hotspur,2022-02-09,2022-06-30,injury-ankle-injury,https://www.transfermarkt.com/harry-winks/verletzungen/spieler/249126
Dejan Kulusevski,Tottenham Hotspur,2021-07-12,2021-12-15,injury-surgery,https://www.transfermarkt.com/dejan-kulusevski/verletzungen/spieler/431755
Giovani Lo Celso,Tottenham Hotspur,2021-12-25,2021-12-30,injury-shin-injury,https://www.transfermarkt.com/giovani-lo-celso/verletzungen/spieler/348795
Giovani Lo Celso,Tottenham Hotspur,2021-11-18,2021-12-15,injury-knee-injury,https://www.transfermarkt.com/giovani-lo-celso/verletzungen/spieler/348795
Giovani Lo Celso,Tottenham Hotspur,2021-09-09,2021-09-17,injury-quarantine,https://www.transfermarkt.com/giovani-lo-celso/verletzungen/spieler/348795
Dele Alli,Tottenham Hotspur,2022-04-09,2022-06-30,injury-hamstring-strain,https://www.transfermarkt.com/dele-alli/verletzungen/spieler/207929
Dele Alli,Tottenham Hotspur,2021-07-01,2021-09-02,injury-tendon-irritation,https://www.transfermarkt.com/dele-alli/verletzungen/spieler/207929
Heung-min Son,Tottenham Hotspur,2022-02-11,2022-06-30,injury-facial-fracture,https://www.transfermarkt.com/heung-min-son/verletzungen/spieler/91845
Heung-min Son,Tottenham Hotspur,2022-06-01,2022-03-02,injury-hamstring-injury,https://www.transfermarkt.com/heung-min-son/verletzungen/spieler/91845
Heung-min Son,Tottenham Hotspur,2021-07-01,2021-09-20,injury-calf-strain,https://www.transfermarkt.com/heung-min-son/verletzungen/spieler/91845
Bryan Gil,Tottenham Hotspur,2022-04-04,2022-04-14,injury-hip-injury,https://www.transfermarkt.com/bryan-gil/verletzungen/spieler/537382
Bryan Gil,Tottenham Hotspur,2021-07-01,2021-12-23,injury-corona-virus,https://www.transfermarkt.com/bryan-gil/verletzungen/spieler/537382
Bryan Gil,Tottenham Hotspur,2021-10-25,2021-11-18,injury-hamstring-injury,https://www.transfermarkt.com/bryan-gil/verletzungen/spieler/537382
Steven Bergwijn,Tottenham Hotspur,2021-12-27,2022-01-16,injury-calf-injury,https://www.transfermarkt.com/steven-bergwijn/verletzungen/spieler/284165
Steven Bergwijn,Tottenham Hotspur,2021-09-16,2021-11-10,injury-ankle-injury,https://www.transfermarkt.com/steven-bergwijn/verletzungen/spieler/284165
Steven Bergwijn,Tottenham Hotspur,2021-07-09,2021-09-14,injury-ankle-injury,https://www.transfermarkt.com/steven-bergwijn/verletzungen/spieler/284165
William Troost-Ekong,Watford FC,2022-01-04,2022-04-20,injury-hamstring-injury,https://www.transfermarkt.com/william-troost-ekong/verletzungen/spieler/192875
Nicolas N'Koulou,Watford FC,2021-11-21,2022-05-21,injury-hamstring-injury,https://www.transfermarkt.com/nicolas-nkoulou/verletzungen/spieler/60577
Peter Etebo,Watford FC,2021-09-27,2022-02-28,injury-knee-injury,https://www.transfermarkt.com/peter-etebo/verletzungen/spieler/409106
Peter Etebo,Watford FC,2021-07-01,2021-12-05,injury-corona-virus,https://www.transfermarkt.com/peter-etebo/verletzungen/spieler/409106
Peter Etebo,Watford FC,2021-07-01,2021-10-01,injury-hamstring-strain,https://www.transfermarkt.com/peter-etebo/verletzungen/spieler/409106
Ozan Tufan,Watford FC,2021-12-11,2021-11-17,injury-knee-injury,https://www.transfermarkt.com/ozan-tufan/verletzungen/spieler/236471
Domingos Quina,Watford FC,2021-07-01,2021-12-02,injury-hamstring-injury,https://www.transfermarkt.com/domingos-quina/verletzungen/spieler/391719
Juraj Kucka,Watford FC,2021-08-16,2021-08-26,injury-leg-injury,https://www.transfermarkt.com/juraj-kucka/verletzungen/spieler/74943
Kwadwo Baah,Watford FC,2022-05-09,2022-06-30,injury-muscular-problems,https://www.transfermarkt.com/kwadwo-baah/verletzungen/spieler/711247
Kwadwo Baah,Watford FC,2021-07-01,2022-03-14,injury-broken-ankle,https://www.transfermarkt.com/kwadwo-baah/verletzungen/spieler/711247
Ismaïla Sarr,Watford FC,2022-02-27,2022-03-16,injury-hamstring-injury,https://www.transfermarkt.com/ismaila-sarr/verletzungen/spieler/410225
Ismaïla Sarr,Watford FC,2021-11-21,2022-01-01,injury-ligament-injury,https://www.transfermarkt.com/ismaila-sarr/verletzungen/spieler/410225
Samuel Kalu,Watford FC,2022-01-11,2022-06-30,injury-ankle-sprain,https://www.transfermarkt.com/samuel-kalu/verletzungen/spieler/424051
Samuel Kalu,Watford FC,2021-10-09,2021-09-17,injury-quarantine,https://www.transfermarkt.com/samuel-kalu/verletzungen/spieler/424051
Issa Diop,West Ham United,2022-04-18,2022-02-05,injury-ankle-injury,https://www.transfermarkt.com/issa-diop/verletzungen/spieler/272622
Craig Dawson,West Ham United,2022-01-08,2022-04-09,injury-hamstring-injury,https://www.transfermarkt.com/craig-dawson/verletzungen/spieler/121477
Angelo Ogbonna,West Ham United,2021-08-11,2022-06-30,injury-cruciate-ligament-tear,https://www.transfermarkt.com/angelo-ogbonna/verletzungen/spieler/48002
Angelo Ogbonna,West Ham United,2021-11-02,2021-12-04,injury-ankle-injury,https://www.transfermarkt.com/angelo-ogbonna/verletzungen/spieler/48002
Arthur Masuaku,West Ham United,2022-04-11,2022-06-30,injury-bone-edema,https://www.transfermarkt.com/arthur-masuaku/verletzungen/spieler/181380
Vladimír Coufal,West Ham United,2022-02-14,2022-01-04,injury-groin-surgery,https://www.transfermarkt.com/vladimir-coufal/verletzungen/spieler/157672
Vladimír Coufal,West Ham United,2021-07-01,2021-10-27,injury-groin-injury,https://www.transfermarkt.com/vladimir-coufal/verletzungen/spieler/157672
Alex Král,West Ham United,2021-07-01,2021-08-04,injury-hip-injury,https://www.transfermarkt.com/alex-kral/verletzungen/spieler/337333
Nikola Vlašić,West Ham United,2021-08-14,2021-08-18,injury-foot-bruise,https://www.transfermarkt.com/nikola-vlasic/verletzungen/spieler/293200
Nikola Vlašić,West Ham United,2021-07-24,2021-07-27,injury-bruise,https://www.transfermarkt.com/nikola-vlasic/verletzungen/spieler/293200
José Sá,Wolverhampton Wanderers,2022-05-24,2022-06-30,injury-unknown-injury,https://www.transfermarkt.com/jose-sa/verletzungen/spieler/249994
Matija Sarkic,Wolverhampton Wanderers,2022-03-01,2022-01-06,injury-shoulder-injury,https://www.transfermarkt.com/matija-sarkic/verletzungen/spieler/293257
Maximilian Kilman,Wolverhampton Wanderers,2022-04-22,2022-05-31,injury-bruise-on-ankle,https://www.transfermarkt.com/maximilian-kilman/verletzungen/spieler/525247
Willy Boly,Wolverhampton Wanderers,2021-12-18,2022-02-25,injury-leg-injury,https://www.transfermarkt.com/willy-boly/verletzungen/spieler/142310
Willy Boly,Wolverhampton Wanderers,2021-07-25,2021-08-14,injury-hamstring-injury,https://www.transfermarkt.com/willy-boly/verletzungen/spieler/142310
Yerson Mosquera,Wolverhampton Wanderers,2021-09-22,2022-02-25,injury-hamstring-injury,https://www.transfermarkt.com/yerson-mosquera/verletzungen/spieler/716276
Yerson Mosquera,Wolverhampton Wanderers,2021-07-01,2021-08-14,injury-hamstring-injury,https://www.transfermarkt.com/yerson-mosquera/verletzungen/spieler/716276
Rayan Aït-Nouri,Wolverhampton Wanderers,2021-12-14,2021-12-31,injury-groin-injury,https://www.transfermarkt.com/rayan-ait-nouri/verletzungen/spieler/578391
Rayan Aït-Nouri,Wolverhampton Wanderers,2021-07-01,2021-10-02,injury-groin-injury,https://www.transfermarkt.com/rayan-ait-nouri/verletzungen/spieler/578391
Hugo Bueno,Wolverhampton Wanderers,2021-07-01,2021-08-14,injury-unknown-injury,https://www.transfermarkt.com/hugo-bueno/verletzungen/spieler/698678
Nélson Semedo,Wolverhampton Wanderers,2022-04-30,2022-06-30,injury-hamstring-injury,https://www.transfermarkt.com/nelson-semedo/verletzungen/spieler/231572
Jonny Otto,Wolverhampton Wanderers,2021-07-01,2022-06-02,injury-knee-injury,https://www.transfermarkt.com/jonny-otto/verletzungen/spieler/175446
Rúben Neves,Wolverhampton Wanderers,2022-03-19,2022-04-25,injury-knee-injury,https://www.transfermarkt.com/ruben-neves/verletzungen/spieler/225161
Leander Dendoncker,Wolverhampton Wanderers,2021-07-01,2021-11-01,injury-knock,https://www.transfermarkt.com/leander-dendoncker/verletzungen/spieler/168157
Bruno Jordão,Wolverhampton Wanderers,2021-07-01,2021-11-29,injury-unknown-injury,https://www.transfermarkt.com/bruno-jordao/verletzungen/spieler/415646
João Moutinho,Wolverhampton Wanderers,2022-06-08,2022-06-30,injury-ankle-injury,https://www.transfermarkt.com/joao-moutinho/verletzungen/spieler/29364
Connor Ronan,Wolverhampton Wanderers,2021-07-01,2021-07-31,injury-metatarsal-fracture,https://www.transfermarkt.com/connor-ronan/verletzungen/spieler/337787
Daniel Podence,Wolverhampton Wanderers,2022-05-04,2022-06-30,injury-foot-injury,https://www.transfermarkt.com/daniel-podence/verletzungen/spieler/256977
Daniel Podence,Wolverhampton Wanderers,2021-10-05,2021-08-23,injury-groin-surgery,https://www.transfermarkt.com/daniel-podence/verletzungen/spieler/256977
Pedro Neto,Wolverhampton Wanderers,2022-01-10,2022-06-30,injury-ankle-injury,https://www.transfermarkt.com/pedro-neto/verletzungen/spieler/487465
Pedro Neto,Wolverhampton Wanderers,2021-12-04,2022-03-02,injury-knee-injury,https://www.transfermarkt.com/pedro-neto/verletzungen/spieler/487465
Francisco Trincão,Wolverhampton Wanderers,2021-07-01,2021-10-20,injury-corona-virus,https://www.transfermarkt.com/francisco-trincao/verletzungen/spieler/412669
Raúl Jiménez,Wolverhampton Wanderers,2021-07-01,2021-07-16,injury-fitness,https://www.transfermarkt.com/raul-jimenez/verletzungen/spieler/206040
Hee-chan Hwang,Wolverhampton Wanderers,2021-12-19,2022-06-02,injury-hamstring-injury,https://www.transfermarkt.com/hee-chan-hwang/verletzungen/spieler/292246
Fábio Silva,Wolverhampton Wanderers,2021-12-18,2021-12-31,injury-corona-virus,https://www.transfermarkt.com/fabio-silva/verletzungen/spieler/505653